Date,Open,High,Low,btc_price,Adj Close,Volume,day_gap,usdvnd_rate,fx_observed,usdvnd_rate_used,btc_vnd_price,btc_return,btc_usd_return,fx_filled
2023-08-01,29230.873046875,29675.732421875,28657.0234375,29675.732421875,29675.732421875,18272392391.0,,23680.0,True,23680.0,702721343.75,,,False
2023-08-02,29704.146484375,29987.998046875,28946.509765625,29151.958984375,29151.958984375,19212655598.0,1.0,23680.0,True,23680.0,690318388.75,-1.7807507516909338,-1.7807507516909338,False
2023-08-03,29161.8125,29375.70703125,28959.48828125,29178.6796875,29178.6796875,12780357746.0,1.0,23735.0,True,23735.0,692555962.3828125,0.32361227666512854,0.09161807791750279,False
2023-08-04,29174.3828125,29302.078125,28885.3359375,29074.091796875,29074.091796875,12036639988.0,1.0,23750.0,True,23750.0,690509680.1757812,-0.29590550689273076,-0.3590833546296193,False
2023-08-05,29075.388671875,29102.46484375,28957.796875,29042.126953125,29042.126953125,6598366353.0,1.0,,False,23750.0,689750515.1367188,-0.11000318899209226,-0.11000318899209226,True
2023-08-06,29043.701171875,29160.822265625,28963.833984375,29041.85546875,29041.85546875,7269806994.0,1.0,,False,23750.0,689744067.3828125,-0.0009347994530765626,-0.0009347994530765626,True
2023-08-07,29038.513671875,29244.28125,28724.140625,29180.578125,29180.578125,13618163710.0,1.0,23725.0,True,23725.0,692309216.015625,0.371208781771924,0.4765273802377892,False
2023-08-08,29180.01953125,30176.796875,29113.814453125,29765.4921875,29765.4921875,17570561357.0,1.0,23720.0,True,23720.0,706037474.6875,1.9635616612586424,1.9846386979053392,False
2023-08-09,29766.6953125,30093.435546875,29376.80078125,29561.494140625,29561.494140625,18379521213.0,1.0,23730.0,True,23730.0,701494255.9570312,-0.6455605098914261,-0.6877101417061734,False
2023-08-10,29563.97265625,29688.564453125,29354.447265625,29429.591796875,29429.591796875,11865344789.0,1.0,23735.0,True,23735.0,698511361.2988281,-0.4261267433718964,-0.4471948989328098,False
2023-08-11,29424.90234375,29517.7734375,29253.517578125,29397.71484375,29397.71484375,10195168197.0,1.0,23740.0,True,23740.0,697901750.390625,-0.08731097435659882,-0.10837469218066252,False
2023-08-12,29399.787109375,29465.11328125,29357.587890625,29415.96484375,29415.96484375,6194358008.0,1.0,,False,23740.0,698335005.390625,0.06206039371356436,0.06206039371356436,True
2023-08-13,29416.59375,29441.43359375,29265.806640625,29282.9140625,29282.9140625,7329897180.0,1.0,,False,23740.0,695176379.84375,-0.4533340724443713,-0.4533340724443713,True
2023-08-14,29283.263671875,29660.25390625,29124.10546875,29408.443359375,29408.443359375,14013695304.0,1.0,23750.0,True,23750.0,698450529.7851562,0.46987553738446797,0.42776140747162833,False
2023-08-15,29408.048828125,29439.12109375,29088.853515625,29170.34765625,29170.34765625,12640195779.0,1.0,23815.0,True,23815.0,694691829.4335938,-0.5396016346580199,-0.8129120118753778,False
2023-08-16,29169.07421875,29221.9765625,28701.779296875,28701.779296875,28701.779296875,14949271904.0,1.0,23965.0,True,23965.0,687838140.8496094,-0.9914786479932935,-1.6193584838703763,False
2023-08-17,28699.802734375,28745.947265625,25409.111328125,26664.55078125,26664.55078125,31120851211.0,1.0,23935.0,True,23935.0,638216022.9492188,-7.487672986318417,-7.362412009606191,False
2023-08-18,26636.078125,26808.1953125,25668.921875,26049.556640625,26049.556640625,24026236529.0,1.0,23850.0,True,23850.0,621281925.8789062,-2.689185416393332,-2.3334248653811245,False
2023-08-19,26047.83203125,26249.44921875,25802.408203125,26096.205078125,26096.205078125,10631443812.0,1.0,,False,23850.0,622394491.1132812,0.17891559507894222,0.17891559507894222,True
2023-08-20,26096.861328125,26260.681640625,26004.314453125,26189.583984375,26189.583984375,9036580420.0,1.0,,False,23850.0,624621578.0273438,0.3571869420107809,0.3571869420107809,True
2023-08-21,26188.69140625,26220.201171875,25846.087890625,26124.140625,26124.140625,13371557893.0,1.0,23850.0,True,23850.0,623060753.90625,-0.2501958864606914,-0.2501958864606914,False
2023-08-22,26130.748046875,26135.5078125,25520.728515625,26031.65625,26031.65625,14503820706.0,1.0,23850.0,True,23850.0,620855001.5625,-0.354646951925222,-0.354646951925222,False
2023-08-23,26040.474609375,26786.8984375,25804.998046875,26431.640625,26431.640625,16985265785.0,1.0,23850.0,True,23850.0,630394628.90625,1.5248455549160829,1.5248455549160829,False
2023-08-24,26431.51953125,26554.91015625,25914.92578125,26162.373046875,26162.373046875,12871532023.0,1.0,23900.0,True,23900.0,625280715.8203125,-0.814532415801037,-1.0239565761125091,False
2023-08-25,26163.6796875,26248.103515625,25786.8125,26047.66796875,26047.66796875,12406045118.0,1.0,23900.0,True,23900.0,622539264.453125,-0.43939924369393174,-0.43939924369393174,False
2023-08-26,26047.234375,26107.384765625,25983.87890625,26008.462890625,26008.462890625,6034817316.0,1.0,,False,23900.0,621602263.0859375,-0.15062619864454851,-0.15062619864454851,True
2023-08-27,26008.2421875,26165.373046875,25965.09765625,26089.693359375,26089.693359375,6913768611.0,1.0,,False,23900.0,623543671.2890625,0.3118365040993392,0.3118365040993392,True
2023-08-28,26089.615234375,26198.578125,25880.599609375,26106.150390625,26106.150390625,11002805166.0,1.0,23975.0,True,23975.0,625894955.6152344,0.3763749657157832,0.06305878251208892,False
2023-08-29,26102.486328125,28089.337890625,25912.62890625,27727.392578125,27727.392578125,29368391712.0,1.0,24080.0,True,24080.0,667675613.28125,6.46198922419695,6.024989257085102,False
2023-08-30,27726.083984375,27760.16015625,27069.20703125,27297.265625,27297.265625,16343655235.0,1.0,24180.0,True,24180.0,660047882.8125,-1.149006462529662,-1.5634289371322936,False
2023-08-31,27301.9296875,27456.078125,25752.9296875,25931.47265625,25931.47265625,20181001451.0,1.0,24110.0,True,24110.0,625207805.7421875,-5.422829844315632,-5.132914544958933,False
2023-09-01,25934.021484375,26125.869140625,25362.609375,25800.724609375,25800.724609375,17202862221.0,1.0,24060.0,True,24060.0,620765434.1015625,-0.7130795947220255,-0.5054814300673318,False
2023-09-02,25800.91015625,25970.28515625,25753.09375,25868.798828125,25868.798828125,10100387473.0,1.0,,False,24060.0,622403299.8046875,0.26349868784771646,0.26349868784771646,True
2023-09-03,25869.47265625,26087.1484375,25817.03125,25969.56640625,25969.56640625,8962524523.0,1.0,,False,24060.0,624827767.734375,0.3887765541686761,0.3887765541686761,True
2023-09-04,25968.169921875,26081.525390625,25657.025390625,25812.416015625,25812.416015625,10680635106.0,1.0,24060.0,True,24060.0,621046729.3359375,-0.6069712504034206,-0.6069712504034206,False
2023-09-05,25814.95703125,25858.375,25589.98828125,25779.982421875,25779.982421875,11094740040.0,1.0,24060.0,True,24060.0,620266377.0703125,-0.12573014244295708,-0.12573014244295708,False
2023-09-06,25783.931640625,25953.015625,25404.359375,25753.236328125,25753.236328125,12752705327.0,1.0,24050.0,True,24050.0,619365333.6914062,-0.14537277963559755,-0.1038013801593385,False
2023-09-07,25748.3125,26409.302734375,25608.201171875,26240.1953125,26240.1953125,11088307100.0,1.0,24055.0,True,24055.0,631207898.2421875,1.893998410159738,1.8732105501950571,False
2023-09-08,26245.208984375,26414.005859375,25677.48046875,25905.654296875,25905.654296875,10817356400.0,1.0,24060.0,True,24060.0,623290042.3828125,-1.2623314465392956,-1.2831149860508746,False
2023-09-09,25905.42578125,25921.9765625,25810.494140625,25895.677734375,25895.677734375,5481314132.0,1.0,,False,24060.0,623050006.2890625,-0.03851855630789999,-0.03851855630789999,True
2023-09-10,25895.2109375,25978.130859375,25640.26171875,25832.2265625,25832.2265625,7899553047.0,1.0,,False,24060.0,621523371.09375,-0.24532679048573475,-0.24532679048573475,True
2023-09-11,25831.71484375,25883.947265625,24930.296875,25162.654296875,25162.654296875,14600006467.0,1.0,24055.0,True,24055.0,605287649.1113281,-2.646971646259609,-2.626188106748031,False
2023-09-12,25160.658203125,26451.939453125,25133.078125,25833.34375,25833.34375,18657279324.0,1.0,24075.0,True,24075.0,621937750.78125,2.713621048568969,2.6305127952917498,False
2023-09-13,25837.5546875,26376.11328125,25781.123046875,26228.32421875,26228.32421875,13072077070.0,1.0,24100.0,True,24100.0,632102613.671875,1.6211735771105795,1.5173852958685845,False
2023-09-14,26228.27734375,26774.623046875,26171.451171875,26539.673828125,26539.673828125,13811359124.0,1.0,24080.0,True,24080.0,639075345.78125,1.0970615074982637,1.1800835130971608,False
2023-09-15,26533.818359375,26840.498046875,26240.701171875,26608.693359375,26608.693359375,11479735788.0,1.0,24220.0,True,24220.0,644462553.1640625,0.8394359093645143,0.25972414093191215,False
2023-09-16,26606.19921875,26754.76953125,26473.890625,26568.28125,26568.28125,7402031417.0,1.0,,False,24220.0,643483771.875,-0.15199103541191222,-0.15199103541191222,True
2023-09-17,26567.927734375,26617.998046875,26445.07421875,26534.1875,26534.1875,6774210670.0,1.0,,False,24220.0,642658021.25,-0.12840741866492755,-0.12840741866492755,True
2023-09-18,26532.994140625,27414.734375,26415.515625,26754.28125,26754.28125,15615339655.0,1.0,24250.0,True,24250.0,648791320.3125,0.9498390648297451,0.8260511389751386,False
2023-09-19,26760.8515625,27488.763671875,26681.60546875,27211.1171875,27211.1171875,13807690550.0,1.0,24370.0,True,24370.0,663134925.859375,2.1867352916054954,1.6931102662432373,False
2023-09-20,27210.228515625,27379.505859375,26864.08203125,27132.0078125,27132.0078125,13281116604.0,1.0,24370.0,True,24370.0,661207030.390625,-0.29114788993918345,-0.29114788993918345,False
2023-09-21,27129.83984375,27152.939453125,26389.30078125,26567.6328125,26567.6328125,13371443708.0,1.0,24270.0,True,24270.0,644796448.359375,-2.5132315615302963,-2.1020467716698095,False
2023-09-22,26564.056640625,26726.078125,26495.533203125,26579.568359375,26579.568359375,10578746709.0,1.0,24310.0,True,24310.0,646149306.8164062,0.20959191303775096,0.044915054085552054,False
2023-09-23,26578.556640625,26634.185546875,26520.51953125,26579.390625,26579.390625,7404700301.0,1.0,,False,24310.0,646144986.09375,-0.0006686902016047693,-0.0006686902016047693,True
2023-09-24,26579.373046875,26716.05859375,26221.05078125,26256.826171875,26256.826171875,8192867686.0,1.0,,False,24310.0,638303444.2382812,-1.2210127075315798,-1.2210127075315798,True
2023-09-25,26253.775390625,26421.5078125,26011.46875,26298.48046875,26298.48046875,11997833257.0,1.0,24360.0,True,24360.0,640630984.21875,0.3639815299882077,0.1585160786217759,False
2023-09-26,26294.7578125,26389.884765625,26090.712890625,26217.25,26217.25,9985498161.0,1.0,24380.0,True,24380.0,639176555.0,-0.2272888384095918,-0.30935695955251363,False
2023-09-27,26209.498046875,26817.841796875,26111.46484375,26352.716796875,26352.716796875,11718380997.0,1.0,24380.0,True,24380.0,642479235.5078125,0.5153782852789497,0.5153782852789497,False
2023-09-28,26355.8125,27259.5,26327.322265625,27021.546875,27021.546875,14079002707.0,1.0,24385.0,True,24385.0,658920420.546875,2.526827134384995,2.506320623495958,False
2023-09-29,27024.841796875,27225.9375,26721.763671875,26911.720703125,26911.720703125,10396435377.0,1.0,24385.0,True,24385.0,656242309.3457031,-0.4072674570297436,-0.4072674570297436,False
2023-09-30,26911.689453125,27091.794921875,26888.96875,26967.916015625,26967.916015625,5331172801.0,1.0,,False,24385.0,657612632.0410156,0.2085958120685116,0.2085958120685116,True
2023-10-01,26967.396484375,28047.23828125,26965.09375,27983.75,27983.75,9503917434.0,1.0,,False,24385.0,682383743.75,3.6976120856382697,3.6976120856382697,True
2023-10-02,27976.798828125,28494.458984375,27347.787109375,27530.78515625,27530.78515625,19793041322.0,1.0,24280.0,True,24280.0,668447463.59375,-2.063436875923418,-1.631914578851585,False
2023-10-03,27508.251953125,27667.19140625,27216.001953125,27429.978515625,27429.978515625,11407814187.0,1.0,24340.0,True,24340.0,667645677.0703125,-0.12001956978609238,-0.36683170659445613,False
2023-10-04,27429.07421875,27826.658203125,27248.10546875,27799.39453125,27799.39453125,11143355314.0,1.0,24385.0,True,24385.0,677888235.6445312,1.5224820905117795,1.3377719302482878,False
2023-10-05,27798.646484375,28091.861328125,27375.6015625,27415.912109375,27415.912109375,11877253670.0,1.0,24420.0,True,24420.0,669496573.7109375,-1.2456382735300078,-1.3890662255842758,False
2023-10-06,27412.123046875,28252.537109375,27215.552734375,27946.59765625,27946.59765625,13492391599.0,1.0,24380.0,True,24380.0,681338050.859375,1.7532539158722775,1.9171883788155935,False
2023-10-07,27946.78125,28028.091796875,27870.423828125,27968.83984375,27968.83984375,6553044316.0,1.0,,False,24380.0,681880315.390625,0.07955652201821253,0.07955652201821253,True
2023-10-08,27971.677734375,28102.169921875,27740.662109375,27935.08984375,27935.08984375,7916875290.0,1.0,,False,24380.0,681057490.390625,-0.12074286830624696,-0.12074286830624696,True
2023-10-09,27934.47265625,27989.470703125,27302.5625,27583.677734375,27583.677734375,12007668568.0,1.0,24360.0,True,24360.0,671938389.609375,-1.3480068939355179,-1.2659387727925961,False
2023-10-10,27589.201171875,27715.84765625,27301.654296875,27391.01953125,27391.01953125,9973350678.0,1.0,24370.0,True,24370.0,667519145.9765625,-0.6598581217172926,-0.7009006012591489,False
2023-10-11,27392.076171875,27474.115234375,26561.099609375,26873.3203125,26873.3203125,13648094333.0,1.0,24390.0,True,24390.0,655440282.421875,-1.8260876251557674,-1.9081220842271782,False
2023-10-12,26873.29296875,26921.439453125,26558.3203125,26756.798828125,26756.798828125,9392909295.0,1.0,24440.0,True,24440.0,653936163.359375,-0.2297459571612105,-0.434538164717781,False
2023-10-13,26752.87890625,27092.697265625,26686.322265625,26862.375,26862.375,15165312851.0,1.0,24435.0,True,24435.0,656382133.125,0.3733402201954178,0.39380057832304977,False
2023-10-14,26866.203125,26969.0,26814.5859375,26861.70703125,26861.70703125,5388116782.0,1.0,,False,24435.0,656365811.3085938,-0.0024866641728645304,-0.0024866641728645304,True
2023-10-15,26858.01171875,27289.169921875,26817.89453125,27159.65234375,27159.65234375,7098201980.0,1.0,,False,24435.0,663646105.0195312,1.1030760315870678,1.1030760315870678,True
2023-10-16,27162.62890625,29448.138671875,27130.47265625,28519.466796875,28519.466796875,27833876539.0,1.0,24440.0,True,24440.0,697015768.515625,4.90590008860422,4.885439730476576,False
2023-10-17,28522.09765625,28618.751953125,28110.185546875,28415.748046875,28415.748046875,14872527508.0,1.0,24460.0,True,24460.0,695049197.2265625,-0.2825403477142785,-0.36433994327744557,False
2023-10-18,28413.53125,28889.009765625,28174.251953125,28328.341796875,28328.341796875,12724128586.0,1.0,24490.0,True,24490.0,693761090.6054688,-0.18549790446374748,-0.3080719749687549,False
2023-10-19,28332.416015625,28892.474609375,28177.98828125,28719.806640625,28719.806640625,14448058195.0,1.0,24555.0,True,24555.0,705214852.0605469,1.637485968860446,1.3724231161473082,False
2023-10-20,28732.8125,30104.0859375,28601.669921875,29682.94921875,29682.94921875,21536125230.0,1.0,24550.0,True,24550.0,728716403.3203125,3.2782123731873085,3.298576898255148,False
2023-10-21,29683.380859375,30287.482421875,29481.751953125,29918.412109375,29918.412109375,11541146996.0,1.0,,False,24550.0,734497017.2851562,0.7901299916077795,0.7901299916077795,True
2023-10-22,29918.654296875,30199.43359375,29720.3125,29993.896484375,29993.896484375,10446520040.0,1.0,,False,24550.0,736350158.6914062,0.25198299552359343,0.25198299552359343,True
2023-10-23,30140.685546875,34370.4375,30097.828125,33086.234375,33086.234375,38363572311.0,1.0,24520.0,True,24520.0,811274466.875,9.690066235664213,9.8123405529161,False
2023-10-24,33077.3046875,35150.43359375,32880.76171875,33901.52734375,33901.52734375,44934999645.0,1.0,24590.0,True,24590.0,833638557.3828125,2.7193496947863824,2.4342751787773462,False
2023-10-25,33916.04296875,35133.7578125,33709.109375,34502.8203125,34502.8203125,25254318008.0,1.0,24550.0,True,24550.0,847044238.671875,1.595299913755544,1.7581001125127034,False
2023-10-26,34504.2890625,34832.91015625,33762.32421875,34156.6484375,34156.6484375,19427195376.0,1.0,24560.0,True,24560.0,838887285.625,-0.9676569395520357,-1.0083818433932463,False
2023-10-27,34156.5,34238.2109375,33416.88671875,33909.80078125,33909.80078125,16418032871.0,1.0,24604.0,True,24604.0,834316738.421875,-0.5463241189391849,-0.7253169256571986,False
2023-10-28,33907.72265625,34399.390625,33874.8046875,34089.57421875,34089.57421875,10160330825.0,1.0,,False,24604.0,838739884.078125,0.5287514961399851,0.5287514961399851,True
2023-10-29,34089.37109375,34743.26171875,33947.56640625,34538.48046875,34538.48046875,11160323986.0,1.0,,False,24604.0,849784773.453125,1.3082482218137432,1.3082482218137432,True
2023-10-30,34531.7421875,34843.93359375,34110.97265625,34502.36328125,34502.36328125,17184860315.0,1.0,24570.0,True,24570.0,847723065.8203125,-0.2429100589554604,-0.10462557765204641,False
2023-10-31,34500.078125,34719.25390625,34083.30859375,34667.78125,34667.78125,15758270810.0,1.0,24558.0,True,24558.0,851371371.9375,0.42944190069260435,0.4782938801692802,False
2023-11-01,34657.2734375,35527.9296875,34170.69140625,35437.25390625,35437.25390625,22446272005.0,1.0,24560.0,True,24560.0,870338955.9375,2.2034312161310305,2.1952875620689456,False
2023-11-02,35441.578125,35919.84375,34401.57421875,34938.2421875,34938.2421875,20998158544.0,1.0,24585.0,True,24585.0,858956684.1796875,-1.3164245453178116,-1.4181643038139047,False
2023-11-03,34942.47265625,34942.47265625,34133.44140625,34732.32421875,34732.32421875,17158456701.0,1.0,24570.0,True,24570.0,853373206.0546875,-0.6521521285960106,-0.5911206955145198,False
2023-11-04,34736.32421875,35256.03125,34616.69140625,35082.1953125,35082.1953125,9561294264.0,1.0,,False,24570.0,861969538.828125,1.002295869368392,1.002295869368392,True
2023-11-05,35090.01171875,35340.33984375,34594.2421875,35049.35546875,35049.35546875,12412743996.0,1.0,,False,24570.0,861162663.8671875,-0.09365213169939803,-0.09365213169939803,True
2023-11-06,35044.7890625,35286.02734375,34765.36328125,35037.37109375,35037.37109375,12693436420.0,1.0,24520.0,True,24520.0,859116339.21875,-0.23790624775855643,-0.03419870125084872,False
2023-11-07,35047.79296875,35892.41796875,34545.81640625,35443.5625,35443.5625,18834737789.0,1.0,24335.0,True,24335.0,862519093.4375,0.39529375210071066,1.1526405303600253,False
2023-11-08,35419.4765625,35994.41796875,35147.80078125,35655.27734375,35655.27734375,17295394918.0,1.0,24310.0,True,24310.0,866779792.2265625,0.4927670336089691,0.5955525293475274,False
2023-11-09,35633.6328125,37926.2578125,35592.1015625,36693.125,36693.125,37762672382.0,1.0,24370.0,True,24370.0,894211456.25,3.115731913354866,2.869223982446583,False
2023-11-10,36702.25,37493.80078125,36362.75390625,37313.96875,37313.96875,22711265155.0,1.0,24340.0,True,24340.0,908221999.375,1.5546565972600426,1.6778346050334039,False
2023-11-11,37310.0703125,37407.09375,36773.66796875,37138.05078125,37138.05078125,13924272142.0,1.0,,False,24340.0,903940156.015625,-0.47256823184078434,-0.47256823184078434,True
2023-11-12,37133.9921875,37227.69140625,36779.1171875,37054.51953125,37054.51953125,11545715999.0,1.0,,False,24340.0,901907005.390625,-0.2251742592082081,-0.2251742592082081,True
2023-11-13,37070.3046875,37405.1171875,36399.60546875,36502.35546875,36502.35546875,19057712790.0,1.0,24315.0,True,24315.0,887554773.2226562,-1.604118075866132,-1.501353705502923,False
2023-11-14,36491.7890625,36753.3515625,34948.5,35537.640625,35537.640625,23857403554.0,1.0,24381.0,True,24381.0,866443216.078125,-2.407366125636628,-2.678435783979465,False
2023-11-15,35548.11328125,37964.89453125,35383.78125,37880.58203125,37880.58203125,27365821679.0,1.0,24376.0,True,24376.0,923377067.59375,6.364110052050874,6.384619927627836,False
2023-11-16,37879.98046875,37934.625,35545.47265625,36154.76953125,36154.76953125,26007385366.0,1.0,24286.0,True,24286.0,878054732.8359375,-5.032874524244611,-4.662975619066543,False
2023-11-17,36164.82421875,36704.484375,35901.234375,36596.68359375,36596.68359375,22445028430.0,1.0,24288.0,True,24288.0,888860251.125,1.2231095548271798,1.214874696667944,False
2023-11-18,36625.37109375,36839.28125,36233.3125,36585.703125,36585.703125,11886022717.0,1.0,,False,24288.0,888593557.5,-0.0300085015663709,-0.0300085015663709,True
2023-11-19,36585.765625,37509.35546875,36414.59765625,37386.546875,37386.546875,12915986553.0,1.0,,False,24288.0,908044450.5,2.1653391391504333,2.1653391391504333,True
2023-11-20,37374.07421875,37756.8203125,36882.53125,37476.95703125,37476.95703125,20888209068.0,1.0,24250.0,True,24250.0,908816208.0078125,0.08495506252674695,0.24153344549947708,False
2023-11-21,37469.16015625,37631.140625,35813.8125,35813.8125,35813.8125,25172163756.0,1.0,24170.0,True,24170.0,865619848.125,-4.869704459004899,-4.539262192194837,False
2023-11-22,35756.5546875,37856.98046875,35670.97265625,37432.33984375,37432.33984375,24397247860.0,1.0,24130.0,True,24130.0,903242360.4296875,4.254507438938494,4.420138946783627,False
2023-11-23,37420.43359375,37643.91796875,36923.86328125,37289.62109375,37289.62109375,14214948217.0,1.0,24205.0,True,24205.0,902595278.5742188,-0.07166556607165288,-0.3819999415433914,False
2023-11-24,37296.31640625,38415.33984375,37261.60546875,37720.28125,37720.28125,22922957823.0,1.0,24240.0,True,24240.0,914339617.5,1.292781873308845,1.1482880923632481,False
2023-11-25,37721.4140625,37892.4296875,37617.41796875,37796.79296875,37796.79296875,9099571165.0,1.0,,False,24240.0,916194261.5625,0.2026342935600158,0.2026342935600158,True
2023-11-26,37796.828125,37820.30078125,37162.75,37479.12109375,37479.12109375,13744796068.0,1.0,,False,24240.0,908493895.3125,-0.844024984109134,-0.844024984109134,True
2023-11-27,37454.19140625,37559.35546875,36750.12890625,37254.16796875,37254.16796875,19002925720.0,1.0,24260.0,True,24260.0,903786114.921875,-0.5195434429131248,-0.602017674392167,False
2023-11-28,37247.9921875,38368.48046875,36891.08984375,37831.0859375,37831.0859375,21696137014.0,1.0,24230.0,True,24230.0,916647212.265625,1.412994492376402,1.5367313611233842,False
2023-11-29,37826.10546875,38366.11328125,37612.6328125,37858.4921875,37858.4921875,20728546658.0,1.0,24240.0,True,24240.0,917689850.625,0.11368014011742318,0.07241750284948421,False
2023-11-30,37861.1171875,38141.75390625,37531.140625,37712.74609375,37712.74609375,18115982627.0,1.0,24260.0,True,24260.0,914911220.234375,-0.30324466836821773,-0.38571889984724805,False
2023-12-01,37718.0078125,38954.109375,37629.359375,38688.75,38688.75,23512784002.0,1.0,24250.0,True,24250.0,938202187.5,2.513844398221639,2.555073011462817,False
2023-12-02,38689.27734375,39678.9375,38652.59375,39476.33203125,39476.33203125,15534035612.0,1.0,,False,24250.0,957301051.7578125,2.0152443138720524,2.0152443138720524,True
2023-12-03,39472.20703125,40135.60546875,39298.1640625,39978.390625,39978.390625,15769696322.0,1.0,,False,24250.0,969475972.65625,1.2637770520489717,1.2637770520489717,True
2023-12-04,39978.62890625,42371.75,39978.62890625,41980.09765625,41980.09765625,39856129827.0,1.0,24270.0,True,24270.0,1018856970.1171875,4.968096924158101,4.8856566886563275,False
2023-12-05,41986.265625,44408.6640625,41421.1484375,44080.6484375,44080.6484375,36312154535.0,1.0,24250.0,True,24250.0,1068955724.609375,4.800083220471215,4.882523455973004,False
2023-12-06,44080.0234375,44265.76953125,43478.08203125,43746.4453125,43746.4453125,29909761586.0,1.0,24266.0,True,24266.0,1061551241.953125,-0.6950939457209465,-0.7610515703398493,False
2023-12-07,43769.1328125,44042.58984375,42880.6484375,43292.6640625,43292.6640625,27635760671.0,1.0,24274.0,True,24274.0,1050886127.453125,-1.0097534982498069,-1.0427160036986542,False
2023-12-08,43293.13671875,44705.515625,43125.296875,44166.6015625,44166.6015625,24421116687.0,1.0,24275.0,True,24275.0,1072144252.9296875,2.0026878728019155,1.9985683234800238,False
2023-12-09,44180.01953125,44361.2578125,43627.59765625,43725.984375,43725.984375,17368210171.0,1.0,,False,24275.0,1061448270.703125,-1.0026349184727985,-1.0026349184727985,True
2023-12-10,43728.3828125,44034.625,43593.28515625,43779.69921875,43779.69921875,13000481418.0,1.0,,False,24275.0,1062752198.5351562,0.1227688266422679,0.1227688266422679,True
2023-12-11,43792.01953125,43808.375,40234.578125,41243.83203125,41243.83203125,40632672038.0,1.0,24220.0,True,24220.0,998925611.796875,-6.193692274927944,-5.966864669683699,False
2023-12-12,41238.734375,42048.3046875,40667.5625,41450.22265625,41450.22265625,24779520132.0,1.0,24250.0,True,24250.0,1005167899.4140625,0.6229557422838261,0.4991678164292342,False
2023-12-13,41468.46484375,43429.78125,40676.8671875,42890.7421875,42890.7421875,26797884674.0,1.0,24260.0,True,24260.0,1040529405.46875,3.4575035703448678,3.416274957103686,False
2023-12-14,42884.26171875,43390.859375,41767.08984375,43023.97265625,43023.97265625,25578530178.0,1.0,24279.0,True,24279.0,1044579032.1210938,0.3884336824974364,0.3101461159203954,False
2023-12-15,43028.25,43087.82421875,41692.96875,41929.7578125,41929.7578125,19639442462.0,1.0,24245.0,True,24245.0,1016586978.1640625,-2.7163047433943577,-2.5761678809584643,False
2023-12-16,41937.7421875,42664.9453125,41723.11328125,42240.1171875,42240.1171875,14386729590.0,1.0,,False,24245.0,1024111641.2109375,0.7374628549158558,0.7374628549158558,True
2023-12-17,42236.109375,42359.49609375,41274.54296875,41364.6640625,41364.6640625,16678702876.0,1.0,,False,24245.0,1002886280.1953125,-2.094342240847231,-2.094342240847231,True
2023-12-18,41348.203125,42720.296875,40530.2578125,42623.5390625,42623.5390625,25224642008.0,1.0,24260.0,True,24260.0,1034047057.65625,3.0598162470378116,2.9979669511789555,False
2023-12-19,42641.51171875,43354.296875,41826.3359375,42270.52734375,42270.52734375,23171001281.0,1.0,24350.0,True,24350.0,1029287340.8203125,-0.4613624705920615,-0.8316570718615267,False
2023-12-20,42261.30078125,44275.5859375,42223.81640625,43652.25,43652.25,27868908174.0,1.0,24350.0,True,24350.0,1062932287.5,3.2164737244750543,3.2164737244750543,False
2023-12-21,43648.125,44240.66796875,43330.05078125,43869.15234375,43869.15234375,22452766169.0,1.0,24335.0,True,24335.0,1067555822.2851562,0.4340359396867643,0.49565656400486136,False
2023-12-22,43868.98828125,44367.95703125,43441.96875,43997.90234375,43997.90234375,21028503216.0,1.0,24320.0,True,24320.0,1070028985.0,0.23139795997436022,0.2930565787194846,False
2023-12-23,44012.19921875,44015.69921875,43351.35546875,43739.54296875,43739.54296875,13507796558.0,1.0,,False,24320.0,1063745685.0,-0.5889392398977759,-0.5889392398977759,True
2023-12-24,43728.3671875,43945.5234375,42786.91796875,43016.1171875,43016.1171875,18830554085.0,1.0,,False,24320.0,1046151970.0,-1.6677702596480783,-1.6677702596480783,True
2023-12-25,43010.57421875,43765.09375,42765.76953125,43613.140625,43613.140625,21115795370.0,1.0,24235.0,True,24235.0,1056964463.046875,1.0282443846346214,1.378363164697311,False
2023-12-26,43599.84765625,43603.17578125,41676.48828125,42520.40234375,42520.40234375,30026850982.0,1.0,24230.0,True,24230.0,1030269348.7890625,-2.5580814008736126,-2.5374479539831176,False
2023-12-27,42518.46875,43683.16015625,42167.58203125,43442.85546875,43442.85546875,25260941032.0,1.0,24325.0,True,24325.0,1056747459.2773438,2.5375484447974617,2.146239120434015,False
2023-12-28,43468.19921875,43804.78125,42318.55078125,42627.85546875,42627.85546875,22992093014.0,1.0,24345.0,True,24345.0,1037775141.3867188,-1.8116621700438194,-1.8938483263033619,False
2023-12-29,42614.64453125,43124.32421875,41424.0625,42099.40234375,42099.40234375,26000021055.0,1.0,24235.0,True,24235.0,1020279015.8007812,-1.7002999689333986,-1.247437935200907,False
2023-12-30,42091.75390625,42584.125,41556.2265625,42156.90234375,42156.90234375,16013925945.0,1.0,,False,24235.0,1021672528.3007812,0.1364883236683238,0.1364883236683238,True
2023-12-31,42152.09765625,42860.9375,41998.25390625,42265.1875,42265.1875,16397498810.0,1.0,,False,24235.0,1024296819.0625,0.2565328952055138,0.2565328952055138,True
2024-01-01,42280.234375,44175.4375,42214.9765625,44167.33203125,44167.33203125,18426978443.0,1.0,24260.0,True,24260.0,1071499475.078125,4.505269905589152,4.402166483732666,False
2024-01-02,44187.140625,45899.70703125,44176.94921875,44957.96875,44957.96875,39335274536.0,1.0,24260.0,True,24260.0,1090680321.875,1.774260401360504,1.774260401360504,False
2024-01-03,44961.6015625,45503.2421875,40813.53515625,42848.17578125,42848.17578125,46342323118.0,1.0,24325.0,True,24325.0,1042281875.8789062,-4.5389229022590545,-4.806495357875531,False
2024-01-04,42855.81640625,44770.0234375,42675.17578125,44179.921875,44179.921875,30448091210.0,1.0,24370.0,True,24370.0,1076664696.09375,3.2455597283332147,3.0607357718285955,False
2024-01-05,44192.98046875,44353.28515625,42784.71875,44162.69140625,44162.69140625,32336029347.0,1.0,24360.0,True,24360.0,1075803162.65625,-0.08005076405713307,-0.03900828451526924,False
2024-01-06,44178.953125,44227.6328125,43475.15625,43989.1953125,43989.1953125,16092503468.0,1.0,,False,24360.0,1071576797.8125,-0.39363041275099797,-0.39363041275099797,True
2024-01-07,43998.46484375,44495.5703125,43662.23046875,43943.09765625,43943.09765625,19330573863.0,1.0,,False,24360.0,1070453858.90625,-0.10484808007761193,-0.10484808007761193,True
2024-01-08,43948.70703125,47218.0,43244.08203125,46970.50390625,46970.50390625,42746192015.0,1.0,24370.0,True,24370.0,1144671180.1953125,6.703469115129238,6.662426635587362,False
2024-01-09,46987.640625,47893.69921875,45244.71484375,46139.73046875,46139.73046875,39821290992.0,1.0,24330.0,True,24330.0,1122579642.3046875,-1.9488127948121765,-1.784541710643821,False
2024-01-10,46121.5390625,47647.22265625,44483.15234375,46627.77734375,46627.77734375,50114613298.0,1.0,24360.0,True,24360.0,1135852656.09375,1.1754318798213512,1.052203275194838,False
2024-01-11,46656.07421875,48969.37109375,45678.64453125,46368.5859375,46368.5859375,45833734549.0,1.0,24405.0,True,24405.0,1131625339.8046875,-0.3728654650107989,-0.5574241147522552,False
2024-01-12,46354.79296875,46498.13671875,41903.76953125,42853.16796875,42853.16796875,43332698900.0,1.0,24475.0,True,24475.0,1048831286.0351562,-7.597846975553033,-7.884262883299366,False
2024-01-13,42799.4453125,43234.66015625,42464.14453125,42842.3828125,42842.3828125,20601860469.0,1.0,,False,24475.0,1048567319.3359375,-0.025170866418664888,-0.025170866418664888,True
2024-01-14,42842.26171875,43065.59765625,41724.61328125,41796.26953125,41796.26953125,17521429522.0,1.0,,False,24475.0,1022963696.7773438,-2.4720775355358247,-2.4720775355358247,True
2024-01-15,41715.06640625,43319.72265625,41705.41796875,42511.96875,42511.96875,22320220558.0,1.0,24490.0,True,24490.0,1041118114.6875,1.7591246593922096,1.6978564046419868,False
2024-01-16,42499.3359375,43566.2734375,42085.99609375,43154.9453125,43154.9453125,24062872740.0,1.0,24470.0,True,24470.0,1056001511.796875,1.41943709963105,1.5011364505806484,False
2024-01-17,43132.1015625,43189.890625,42189.30859375,42742.65234375,42742.65234375,20851232595.0,1.0,24500.0,True,24500.0,1047194982.421875,-0.8374472729760598,-0.9599712825861542,False
2024-01-18,42742.3125,42876.34765625,40631.171875,41262.05859375,41262.05859375,25218357242.0,1.0,24500.0,True,24500.0,1010920435.546875,-3.525390600438047,-3.525390600438047,False
2024-01-19,41278.4609375,42134.16015625,40297.45703125,41618.40625,41618.40625,25752407154.0,1.0,24545.0,True,24545.0,1021523781.40625,1.0434177697408558,0.8599127738074015,False
2024-01-20,41624.58984375,41877.89453125,41446.82421875,41665.5859375,41665.5859375,11586690904.0,1.0,,False,24545.0,1022681806.8359375,0.11329834535463318,0.11329834535463318,True
2024-01-21,41671.48828125,41855.3671875,41497.0078125,41545.78515625,41545.78515625,9344043642.0,1.0,,False,24545.0,1019741296.6601562,-0.2879434924556738,-0.2879434924556738,True
2024-01-22,41553.65234375,41651.20703125,39450.1171875,39507.3671875,39507.3671875,31338708143.0,1.0,24540.0,True,24540.0,969510790.78125,-5.051263850850512,-5.030891028125471,False
2024-01-23,39518.71484375,40127.3515625,38521.89453125,39845.55078125,39845.55078125,29244553045.0,1.0,24550.0,True,24550.0,978208271.6796875,0.8930999215686358,0.8523584257922188,False
2024-01-24,39877.59375,40483.78515625,39508.796875,40077.07421875,40077.07421875,22359526178.0,1.0,24565.0,True,24565.0,984493328.1835938,0.6404517108067651,0.5793705727985713,False
2024-01-25,40075.55078125,40254.48046875,39545.6640625,39933.80859375,39933.80859375,18491782013.0,1.0,24600.0,True,24600.0,982371691.40625,-0.21573799717873762,-0.3581157289492955,False
2024-01-26,39936.81640625,42209.38671875,39825.69140625,41816.87109375,41816.87109375,25598119893.0,1.0,24605.0,True,24605.0,1028904113.2617188,4.627980587444137,4.607657449481696,False
2024-01-27,41815.625,42195.6328125,41431.28125,42120.0546875,42120.0546875,11422941934.0,1.0,,False,24605.0,1036363945.5859375,0.7224112855396915,0.7224112855396915,True
2024-01-28,42126.125,42797.17578125,41696.91015625,42035.59375,42035.59375,16858971687.0,1.0,,False,24605.0,1034285784.21875,-0.2007256017307645,-0.2007256017307645,True
2024-01-29,42030.9140625,43305.8671875,41818.33203125,43288.24609375,43288.24609375,20668476578.0,1.0,24595.0,True,24595.0,1064674412.6757812,2.895791166627621,2.9364415736914626,False
2024-01-30,43300.2265625,43838.9453125,42711.37109375,42952.609375,42952.609375,23842814518.0,1.0,24530.0,True,24530.0,1053627507.96875,-1.0430056966840973,-0.7783744989935841,False
2024-01-31,42946.25,43717.40625,42298.9453125,42582.60546875,42582.60546875,24673628793.0,1.0,24395.0,True,24395.0,1038802660.4101562,-1.4170217811644357,-0.8651552809046922,False
2024-02-01,42569.76171875,43243.16796875,41879.19140625,43075.7734375,43075.7734375,21423953779.0,1.0,24415.0,True,24415.0,1051695008.4765625,1.2334394540062739,1.1514890294239741,False
2024-02-02,43077.640625,43422.48828125,42584.3359375,43185.859375,43185.859375,18603843039.0,1.0,24400.0,True,24400.0,1053734968.75,0.19378093157770115,0.2552374530244358,False
2024-02-03,43184.96484375,43359.94140625,42890.80859375,42992.25,42992.25,11169245236.0,1.0,,False,24400.0,1049010900.0,-0.4493245492150753,-0.4493245492150753,True
2024-02-04,42994.94140625,43097.64453125,42374.83203125,42583.58203125,42583.58203125,14802225490.0,1.0,,False,24400.0,1039039401.5625,-0.9551086228745845,-0.9551086228745845,True
2024-02-05,42577.62109375,43494.25,42264.81640625,42658.66796875,42658.66796875,18715487317.0,1.0,24335.0,True,24335.0,1038098685.0195312,-0.090578148209055,0.17617075316479283,False
2024-02-06,42657.390625,43344.1484375,42529.01953125,43084.671875,43084.671875,16798476726.0,1.0,24370.0,True,24370.0,1049973453.59375,1.1374029060396518,0.9936804708699247,False
2024-02-07,43090.01953125,44341.94921875,42775.95703125,44318.22265625,44318.22265625,21126587775.0,1.0,24355.0,True,24355.0,1079370312.7929688,2.7612945831671847,2.822864621028068,False
2024-02-08,44332.125,45575.83984375,44332.125,45301.56640625,45301.56640625,26154524080.0,1.0,24400.0,True,24400.0,1105358220.3125,2.3791636322765006,2.1945671282114807,False
2024-02-09,45297.3828125,48152.49609375,45260.82421875,47147.19921875,47147.19921875,39316770844.0,1.0,24400.0,True,24400.0,1150391660.9375,3.9932995408411602,3.9932995408411602,False
2024-02-10,47153.52734375,48146.171875,46905.3203125,47771.27734375,47771.27734375,16398681570.0,1.0,,False,24400.0,1165619167.1875,1.314996069506419,1.314996069506419,True
2024-02-11,47768.96875,48535.9375,47617.40625,48293.91796875,48293.91796875,19315867136.0,1.0,,False,24400.0,1178371598.4375,1.0881064258583886,1.0881064258583886,True
2024-02-12,48296.38671875,50280.4765625,47745.76171875,49958.22265625,49958.22265625,34511985805.0,1.0,24400.0,True,24400.0,1218980632.8125,3.388147853165121,3.388147853165121,False
2024-02-13,49941.359375,50358.390625,48406.49609375,49742.44140625,49742.44140625,35593051468.0,1.0,24400.0,True,24400.0,1213715570.3125,-0.4328588760117502,-0.4328588760117502,False
2024-02-14,49733.4453125,52021.37109375,49296.83203125,51826.6953125,51826.6953125,39105608050.0,1.0,24400.0,True,24400.0,1264571365.625,4.104684951040893,4.104684951040893,False
2024-02-15,51836.78515625,52820.06640625,51371.62890625,51938.5546875,51938.5546875,38564360533.0,1.0,24400.0,True,24400.0,1267300734.375,0.21560092291083846,0.21560092291083846,False
2024-02-16,51937.7265625,52537.96875,51641.3671875,52160.203125,52160.203125,28180567298.0,1.0,24450.0,True,24450.0,1275316966.40625,0.6305516231486494,0.42584326097615643,False
2024-02-17,52161.67578125,52191.9140625,50669.66796875,51662.99609375,51662.99609375,20009091006.0,1.0,,False,24450.0,1263160254.4921875,-0.957802949778828,-0.957802949778828,True
2024-02-18,51661.96875,52356.96484375,51233.70703125,52122.546875,52122.546875,17595377311.0,1.0,,False,24450.0,1274396271.09375,0.8855834280713762,0.8855834280713762,True
2024-02-19,52134.8125,52483.32421875,51711.8203125,51779.14453125,51779.14453125,21362184346.0,1.0,24510.0,True,24510.0,1269106832.4609375,-0.41591820749064307,-0.6610163694046542,False
2024-02-20,51777.7265625,52945.05078125,50792.3125,52284.875,52284.875,33353758256.0,1.0,24530.0,True,24530.0,1282547983.75,1.0535340067696235,0.9719679337319471,False
2024-02-21,52273.53515625,52368.81640625,50671.7578125,51839.1796875,51839.1796875,28624907020.0,1.0,24525.0,True,24525.0,1271355881.8359375,-0.8764757134201103,-0.8560904315229949,False
2024-02-22,51854.64453125,52009.61328125,50926.29296875,51304.97265625,51304.97265625,25413900611.0,1.0,24525.0,True,24525.0,1258254454.3945312,-1.0358547640014264,-1.0358547640014264,False
2024-02-23,51283.90625,51497.93359375,50561.77734375,50731.94921875,50731.94921875,21427078270.0,1.0,24590.0,True,24590.0,1247498631.2890625,-0.8584955338838164,-1.1231806115512575,False
2024-02-24,50736.37109375,51684.1953125,50585.4453125,51571.1015625,51571.1015625,15174077879.0,1.0,,False,24590.0,1268133387.421875,1.6405594130217753,1.6405594130217753,True
2024-02-25,51565.21484375,51950.02734375,51306.171875,51733.23828125,51733.23828125,15413239245.0,1.0,,False,24590.0,1272120329.3359375,0.31390133682369276,0.31390133682369276,True
2024-02-26,51730.5390625,54938.17578125,50931.03125,54522.40234375,54522.40234375,34074411896.0,1.0,24630.0,True,24630.0,1342886769.7265625,5.413654356129065,5.2511187656945415,False
2024-02-27,54519.36328125,57537.83984375,54484.19921875,57085.37109375,57085.37109375,49756832031.0,1.0,24660.0,True,24660.0,1407725251.171875,4.715350204422486,4.593621644047315,False
2024-02-28,57071.09765625,63913.1328125,56738.42578125,62504.7890625,62504.7890625,83239156760.0,1.0,24625.0,True,24625.0,1539180430.6640625,8.927498229899726,9.069529297704289,False
2024-02-29,62499.18359375,63585.64453125,60498.73046875,61198.3828125,61198.3828125,65496611844.0,1.0,24620.0,True,24620.0,1506704184.84375,-2.1325480571864883,-2.1122414270019747,False
2024-03-01,61168.0625,63155.1015625,60802.52734375,62440.6328125,62440.6328125,40186368423.0,1.0,24640.0,True,24640.0,1538537192.5,2.0907483697436278,2.00954657884248,False
2024-03-02,62431.65234375,62458.69921875,61657.2890625,62029.84765625,62029.84765625,23888473685.0,1.0,,False,24640.0,1528415446.25,-0.6600547312091193,-0.6600547312091193,True
2024-03-03,62031.578125,63230.2109375,61435.0234375,63167.37109375,63167.37109375,26253811450.0,1.0,,False,24640.0,1556444023.75,1.817220465901261,1.817220465901261,True
2024-03-04,63137.00390625,68537.03125,62386.51953125,68330.4140625,68330.4140625,70670471105.0,1.0,24640.0,True,24640.0,1683661402.5,7.8567080849006805,7.8567080849006805,False
2024-03-05,68341.0546875,69170.625,59323.91015625,63801.19921875,63801.19921875,102802940877.0,1.0,24676.0,True,24676.0,1574358391.921875,-6.712300913284716,-6.858298181492034,False
2024-03-06,63776.05078125,67637.9296875,62848.671875,66106.8046875,66106.8046875,68750229073.0,1.0,24690.0,True,24690.0,1632177007.734375,3.606689221056225,3.5499700200866338,False
2024-03-07,66099.7421875,68029.921875,65655.53125,66925.484375,66925.484375,46989543159.0,1.0,24665.0,True,24665.0,1650717072.109375,1.1295071381128932,1.2308140052515397,False
2024-03-08,66938.09375,70083.0546875,66230.453125,68300.09375,68300.09375,59202881172.0,1.0,24680.0,True,24680.0,1685646313.75,2.0939276588473428,2.0331312236987973,False
2024-03-09,68299.2578125,68673.0546875,68053.125,68498.8828125,68498.8828125,21609650379.0,1.0,,False,24680.0,1690552427.8125,0.2906296632019191,0.2906296632019191,True
2024-03-10,68500.2578125,70005.203125,68239.9765625,69019.7890625,69019.7890625,35683977532.0,1.0,,False,24680.0,1703408394.0625,0.7575825657206857,0.7575825657206857,True
2024-03-11,69020.546875,72850.7109375,67194.8828125,72123.90625,72123.90625,65716656765.0,1.0,24640.0,True,24640.0,1777133050.0,4.237023821087819,4.399229858274628,False
2024-03-12,72125.125,72825.65625,68728.8515625,71481.2890625,71481.2890625,62554434520.0,1.0,24635.0,True,24635.0,1760941556.0546875,-0.9152778718740379,-0.8949836049347838,False
2024-03-13,71482.1171875,73637.4765625,71334.09375,73083.5,73083.5,48212536929.0,1.0,24645.0,True,24645.0,1801142857.5,2.257274322549002,2.216689906407544,False
2024-03-14,73079.375,73750.0703125,68563.0234375,71396.59375,71396.59375,59594605698.0,1.0,24675.0,True,24675.0,1761710950.78125,-2.213591629617808,-2.33524614583823,False
2024-03-15,71387.875,72357.1328125,65630.6953125,69403.7734375,69403.7734375,78320453976.0,1.0,24690.0,True,24690.0,1713579166.171875,-2.7701205254457726,-2.830892329200056,False
2024-03-16,69392.484375,70046.2734375,64801.39453125,65315.1171875,65315.1171875,46842198371.0,1.0,,False,24690.0,1612630243.359375,-6.071772520629676,-6.071772520629676,True
2024-03-17,65316.34375,68845.71875,64545.31640625,68390.625,68390.625,44716864318.0,1.0,,False,24690.0,1688564531.25,4.60122407046103,4.60122407046103,True
2024-03-18,68371.3046875,68897.1328125,66594.2265625,67548.59375,67548.59375,49261579492.0,1.0,24720.0,True,24720.0,1669801237.5,-1.1174178321966777,-1.2388507554368626,False
2024-03-19,67556.1328125,68106.9296875,61536.1796875,61912.7734375,61912.7734375,74215844794.0,1.0,24715.0,True,24715.0,1530174195.5078125,-8.732301768757566,-8.712073185700822,False
2024-03-20,61930.15625,68115.2578125,60807.78515625,67913.671875,67913.671875,66792634382.0,1.0,24740.0,True,24740.0,1680184242.1875,9.352187317419327,9.251085296877404,False
2024-03-21,67911.5859375,68199.9921875,64580.91796875,65491.390625,65491.390625,44480350565.0,1.0,24775.0,True,24775.0,1622549202.734375,-3.490496097450351,-3.6318674226213323,False
2024-03-22,65489.9296875,66623.75,62355.37109375,63778.76171875,63778.76171875,41401116964.0,1.0,24785.0,True,24785.0,1580756609.1992188,-2.6094895395673765,-2.649844665215931,False
2024-03-23,63802.72265625,65976.3984375,63038.4921875,64062.203125,64062.203125,24738964812.0,1.0,,False,24785.0,1587781704.453125,0.44342886654000135,0.44342886654000135,True
2024-03-24,64070.75390625,67622.7578125,63825.8515625,67234.171875,67234.171875,27206630673.0,1.0,,False,24785.0,1666398949.921875,4.832709315067971,4.832709315067971,True
2024-03-25,67234.09375,71162.59375,66414.8359375,69958.8125,69958.8125,42700139523.0,1.0,24768.0,True,24768.0,1732739868.0,3.903891362965882,3.9725047694879403,False
2024-03-26,69931.328125,71535.7421875,69335.609375,69987.8359375,69987.8359375,36010437368.0,1.0,24740.0,True,24740.0,1731499061.09375,-0.07163518364107911,0.04147786065640333,False
2024-03-27,69991.8984375,71727.6875,68381.9296875,69455.34375,69455.34375,40827113309.0,1.0,24770.0,True,24770.0,1720408864.6875,-0.6425568006025433,-0.7637444542951766,False
2024-03-28,69452.7734375,71546.0234375,68895.5078125,70744.953125,70744.953125,34374900617.0,1.0,24785.0,True,24785.0,1753413663.203125,1.90025779431499,1.8397189971880865,False
2024-03-29,70744.796875,70913.09375,69076.65625,69892.828125,69892.828125,25230851763.0,1.0,24790.0,True,24790.0,1732643209.21875,-1.191644343764249,-1.2118158012204416,False
2024-03-30,69893.4453125,70355.4921875,69601.0625,69645.3046875,69645.3046875,17130241883.0,1.0,,False,24790.0,1726507103.203125,-0.35477570486820653,-0.35477570486820653,True
2024-03-31,69647.78125,71377.78125,69624.8671875,71333.6484375,71333.6484375,20050941373.0,1.0,,False,24790.0,1768361144.765625,2.3952858696302477,2.3952858696302477,True
2024-04-01,71333.484375,71342.09375,68110.6953125,69702.1484375,69702.1484375,34873527352.0,1.0,24810.0,True,24810.0,1729310302.734375,-2.2330550676647474,-2.3137002333257977,False
2024-04-02,69705.0234375,69708.3828125,64586.59375,65446.97265625,65446.97265625,50705240709.0,1.0,24795.0,True,24795.0,1622757687.0117188,-6.359568213249819,-6.299090436988572,False
2024-04-03,65446.671875,66914.3203125,64559.8984375,65980.8125,65980.8125,34488018367.0,1.0,24900.0,True,24900.0,1642922231.25,1.2349526602884873,0.812374307331999,False
2024-04-04,65975.6953125,69291.2578125,65113.796875,68508.84375,68508.84375,34439527442.0,1.0,25000.0,True,25000.0,1712721093.75,4.160688410940032,3.7598862711861405,False
2024-04-05,68515.7578125,68725.7578125,66011.4765625,67837.640625,67837.640625,33748230056.0,1.0,24935.0,True,24935.0,1691531568.984375,-1.2449016288403474,-0.9845630418288567,False
2024-04-06,67840.5703125,69629.6015625,67491.71875,68896.109375,68896.109375,19967785809.0,1.0,,False,24935.0,1717924487.265625,1.5482496362565017,1.5482496362565017,True
2024-04-07,68897.109375,70284.4296875,68851.6328125,69362.5546875,69362.5546875,21204930369.0,1.0,,False,24935.0,1729555301.1328125,0.6747455363626303,0.6747455363626303,True
2024-04-08,69362.5546875,72715.359375,69064.2421875,71631.359375,71631.359375,37261432669.0,1.0,24950.0,True,24950.0,1787202416.40625,3.278717729646361,3.218579409702191,False
2024-04-09,71632.5,71742.5078125,68212.921875,69139.015625,69139.015625,36426900409.0,1.0,24960.0,True,24960.0,1725709830.0,-3.501303990008913,-3.5413761203788403,False
2024-04-10,69140.2421875,71093.4296875,67503.5625,70587.8828125,70587.8828125,38318601774.0,1.0,24945.0,True,24945.0,1760814736.7578125,2.0138159054308358,2.073930124253475,False
2024-04-11,70575.734375,71256.234375,69571.8125,70060.609375,70060.609375,30153382941.0,1.0,24935.0,True,24935.0,1746961294.765625,-0.7898744899426893,-0.749778258451207,False
2024-04-12,70061.3828125,71222.7421875,65254.8359375,67195.8671875,67195.8671875,44129299406.0,1.0,24980.0,True,24980.0,1678552762.34375,-3.994590448208897,-4.174897018143468,False
2024-04-13,67188.375,67931.4296875,60919.10546875,63821.47265625,63821.47265625,52869738185.0,1.0,,False,24980.0,1594260386.953125,-5.152204971523435,-5.152204971523435,True
2024-04-14,63836.23046875,65824.4296875,62205.8515625,65738.7265625,65738.7265625,49084320047.0,1.0,,False,24980.0,1642153389.53125,2.959850149495867,2.959850149495867,True
2024-04-15,65739.6484375,66878.6484375,62332.0703125,63426.2109375,63426.2109375,43595917654.0,1.0,25000.0,True,25000.0,1585655273.4375,-3.5010679325739535,-3.5810999496508606,False
2024-04-16,63419.296875,64355.66796875,61716.40234375,63811.86328125,63811.86328125,42847528078.0,1.0,25180.0,True,25180.0,1606782717.421875,1.3236123925229066,0.606192017722891,False
2024-04-17,63831.84765625,64486.36328125,59768.5859375,61276.69140625,61276.69140625,41915247049.0,1.0,25280.0,True,25280.0,1549074758.75,-3.6576044687489304,-4.053958534994488,False
2024-04-18,61275.31640625,64125.6875,60833.48046875,63512.75390625,63512.75390625,36006307335.0,1.0,25400.0,True,25400.0,1613223949.21875,4.057680683198188,3.584120208614769,False
2024-04-19,63510.75,65481.59765625,59651.390625,63843.5703125,63843.5703125,49920425401.0,1.0,25400.0,True,25400.0,1621626685.9375,0.5195142876912205,0.5195142876912205,False
2024-04-20,63851.1015625,65442.45703125,63172.40234375,64994.44140625,64994.44140625,23097485495.0,1.0,,False,25400.0,1650858811.71875,1.7865871886504232,1.7865871886504232,True
2024-04-21,64992.81640625,65723.2421875,64277.72265625,64926.64453125,64926.64453125,20506644853.0,1.0,,False,25400.0,1649136771.09375,-0.10436624765665994,-0.10436624765665994,True
2024-04-22,64935.6328125,67233.9609375,64548.1796875,66837.6796875,66837.6796875,28282686673.0,1.0,25440.0,True,25440.0,1700350571.25,3.058246620670642,2.9008901759275916,False
2024-04-23,66839.890625,67199.2421875,65864.8671875,66407.2734375,66407.2734375,24310975583.0,1.0,25455.0,True,25455.0,1690397145.3515625,-0.587094960753672,-0.6460398489914604,False
2024-04-24,66408.71875,67075.3671875,63589.87109375,64276.8984375,64276.8984375,30276655120.0,1.0,25440.0,True,25440.0,1635204296.25,-3.3195750198650003,-3.2606301316271993,False
2024-04-25,64275.01953125,65275.20703125,62783.6328125,64481.70703125,64481.70703125,32155786816.0,1.0,25405.0,True,25405.0,1638157767.1289062,0.18045493429654572,0.3181282769191777,False
2024-04-26,64485.37109375,64789.65625,63322.3984375,63755.3203125,63755.3203125,24139372950.0,1.0,25350.0,True,25350.0,1616197369.921875,-1.3496210227519132,-1.1328935219016096,False
2024-04-27,63750.98828125,63898.36328125,62424.71875,63419.140625,63419.140625,19530783039.0,1.0,,False,25350.0,1607675214.84375,-0.5286917956356649,-0.5286917956356649,True
2024-04-28,63423.515625,64321.484375,62793.59765625,63113.23046875,63113.23046875,17334827993.0,1.0,,False,25350.0,1599920392.3828125,-0.48352962901543867,-0.48352962901543867,True
2024-04-29,63106.36328125,64174.87890625,61795.45703125,63841.12109375,63841.12109375,26635912073.0,1.0,25330.0,True,25330.0,1617095597.3046875,1.0677825763948137,1.1467091787556438,False
2024-04-30,63839.41796875,64703.33203125,59120.06640625,60636.85546875,60636.85546875,37840840057.0,1.0,25330.0,True,25330.0,1535931549.0234375,-5.14946297165421,-5.14946297165421,False
2024-05-01,60609.49609375,60780.5,56555.29296875,58254.01171875,58254.01171875,48439780271.0,1.0,25330.0,True,25330.0,1475574116.8359375,-4.0089923480657195,-4.0089923480657195,False
2024-05-02,58253.703125,59602.296875,56937.203125,59123.43359375,59123.43359375,32711813559.0,1.0,25330.0,True,25330.0,1497596572.9296875,1.48143925496978,1.48143925496978,False
2024-05-03,59122.30078125,63320.50390625,58848.3125,62889.8359375,62889.8359375,33172023048.0,1.0,25390.0,True,25390.0,1596772934.453125,6.412313820125122,6.175720649824811,False
2024-05-04,62891.03125,64494.95703125,62599.3515625,63891.47265625,63891.47265625,20620477992.0,1.0,,False,25390.0,1622204490.7421875,1.5801344389047562,1.5801344389047562,True
2024-05-05,63892.453125,64610.890625,62955.3046875,64031.1328125,64031.1328125,18296164805.0,1.0,,False,25390.0,1625750462.109375,0.2183511056964741,0.2183511056964741,True
2024-05-06,64038.3125,65494.90234375,62746.23828125,63161.94921875,63161.94921875,28697928697.0,1.0,25400.0,True,25400.0,1604313510.15625,-1.3273586455820285,-1.3667364763724112,False
2024-05-07,63162.76171875,64390.45703125,62285.98046875,62334.81640625,62334.81640625,25930730982.0,1.0,25370.0,True,25370.0,1581434292.2265625,-1.4363730408947053,-1.318192999564668,False
2024-05-08,62332.640625,62986.0859375,60877.12890625,61187.94140625,61187.94140625,26088172222.0,1.0,25400.0,True,25400.0,1554173711.71875,-1.738818584519349,-1.8569986258493816,False
2024-05-09,61191.19921875,63404.9140625,60648.07421875,63049.9609375,63049.9609375,25453338161.0,1.0,25425.0,True,25425.0,1603045256.8359375,3.096107651431191,2.997730860417905,False
2024-05-10,63055.19140625,63446.7421875,60208.78125,60792.77734375,60792.77734375,27804954694.0,1.0,25440.0,True,25440.0,1546568255.625,-3.5866658098191166,-3.6456454635488926,False
2024-05-11,60793.35546875,61451.15234375,60492.625,60793.7109375,60793.7109375,13842272968.0,1.0,,False,25440.0,1546592006.25,0.0015356866757304103,0.0015356866757304103,True
2024-05-12,60793.50390625,61818.15625,60632.6015625,61448.39453125,61448.39453125,13800459405.0,1.0,,False,25440.0,1563247156.875,1.0711364152793759,1.0711364152793759,True
2024-05-13,61451.21875,63422.66015625,60769.83984375,62901.44921875,62901.44921875,27889181179.0,1.0,25450.0,True,25450.0,1600841882.6171875,2.376449876248662,2.337149423787631,False
2024-05-14,62900.7734375,63092.125,61123.765625,61552.7890625,61552.7890625,28186271527.0,1.0,25453.0,True,25453.0,1566703140.0078125,-2.155616686613318,-2.1674038111579397,False
2024-05-15,61553.98828125,66454.453125,61330.41015625,66267.4921875,66267.4921875,39815167074.0,1.0,25450.0,True,25450.0,1686507676.171875,7.368642641605216,7.380429766149847,False
2024-05-16,66256.109375,66712.4296875,64613.0546875,65231.58203125,65231.58203125,31573077994.0,1.0,25445.0,True,25445.0,1659817604.7851562,-1.5952207352886871,-1.5755724397151207,False
2024-05-17,65231.296875,67459.4609375,65119.31640625,67051.875,67051.875,28031279310.0,1.0,25431.0,True,25431.0,1705196233.125,2.6972477158630093,2.752283490504771,False
2024-05-18,67066.2109375,67387.328125,66663.5,66940.8046875,66940.8046875,16712277406.0,1.0,,False,25431.0,1702371604.0078125,-0.1657856805292211,-0.1657856805292211,True
2024-05-19,66937.9296875,67694.296875,65937.1796875,66278.3671875,66278.3671875,19249094538.0,1.0,,False,25431.0,1685525155.9453125,-0.9945159553218299,-0.9945159553218299,True
2024-05-20,66278.7421875,71483.5625,66086.171875,71448.1953125,71448.1953125,43850655717.0,1.0,25448.0,True,25448.0,1818213674.3125,7.577734097776307,7.510908882529837,False
2024-05-21,71443.0625,71946.4609375,69191.125,70136.53125,70136.53125,46932005990.0,1.0,25452.0,True,25452.0,1785114993.375,-1.8371686258592586,-1.852885718229531,False
2024-05-22,70135.3203125,70623.6953125,68977.6953125,69122.3359375,69122.3359375,32802561717.0,1.0,25461.0,True,25461.0,1759923795.3046875,-1.4212325225081237,-1.4565869510184994,False
2024-05-23,69121.3046875,70041.2734375,66356.953125,67929.5625,67929.5625,41895680979.0,1.0,25464.0,True,25464.0,1729758379.5,-1.7288776263615506,-1.7406596587757723,False
2024-05-24,67928.1328125,69220.296875,66622.671875,68526.1015625,68526.1015625,29197308153.0,1.0,25469.0,True,25469.0,1745291280.6953125,0.8939731032136444,0.8743394668047938,False
2024-05-25,68526.921875,69579.3203125,68515.8203125,69265.9453125,69265.9453125,15473071741.0,1.0,,False,25469.0,1764134361.1640625,1.0738658385428568,1.0738658385428568,True
2024-05-26,69264.2890625,69506.2265625,68183.890625,68518.09375,68518.09375,15628433737.0,1.0,,False,25469.0,1745087329.71875,-1.0855523058038128,-1.0855523058038128,True
2024-05-27,68512.1796875,70597.8828125,68232.5,69394.5546875,69394.5546875,25870990717.0,1.0,25465.0,True,25465.0,1767132335.1171875,1.2553482986447109,1.271054899375939,False
2024-05-28,69392.1953125,69514.640625,67227.15625,68296.21875,68296.21875,32722265965.0,1.0,25445.0,True,25445.0,1737797286.09375,-1.6739699341729566,-1.5953999045957543,False
2024-05-29,68296.3515625,68852.4609375,67101.4921875,67578.09375,67578.09375,26707072906.0,1.0,25448.0,True,25448.0,1719727329.75,-1.0452634687800686,-1.0570529093847765,False
2024-05-30,67576.0859375,69500.5390625,67118.078125,68364.9921875,68364.9921875,29509712534.0,1.0,25450.0,True,25450.0,1739889051.171875,1.1655598455961032,1.1577009906272178,False
2024-05-31,68362.515625,68999.5625,66633.421875,67491.4140625,67491.4140625,27387283769.0,1.0,25450.0,True,25450.0,1717656487.890625,-1.2860492770805694,-1.2860492770805694,False
2024-06-01,67489.609375,67839.765625,67386.1953125,67706.9375,67706.9375,11641495604.0,1.0,,False,25450.0,1723141559.375,0.31882581048550507,0.31882581048550507,True
2024-06-02,67710.2734375,68409.1640625,67315.5234375,67751.6015625,67751.6015625,17110588415.0,1.0,,False,25450.0,1724278259.765625,0.06594499605225848,0.06594499605225848,True
2024-06-03,67753.8984375,70230.8203125,67589.8359375,68804.78125,68804.78125,32401285324.0,1.0,25440.0,True,25440.0,1750393635.0,1.5032134133519253,1.5425138658129582,False
2024-06-04,68804.5703125,71047.40625,68564.640625,70567.765625,70567.765625,33149696545.0,1.0,25432.0,True,25432.0,1794679415.375,2.498571038550562,2.5300225248925363,False
2024-06-05,70568.3515625,71735.4140625,70390.7109375,71082.8203125,71082.8203125,32810771409.0,1.0,25410.0,True,25410.0,1806214464.140625,0.6406791540173915,0.727221781660282,False
2024-06-06,71082.84375,71625.734375,70119.125,70757.1640625,70757.1640625,25223152007.0,1.0,25415.0,True,25415.0,1798293324.6484375,-0.4395136705224581,-0.45918902720176474,False
2024-06-07,70759.1875,71907.8515625,68507.2578125,69342.5859375,69342.5859375,36188381096.0,1.0,25420.0,True,25420.0,1762688534.53125,-1.9997842217450033,-2.0194557079892093,False
2024-06-08,69324.1796875,69533.3203125,69210.7421875,69305.7734375,69305.7734375,14262185861.0,1.0,,False,25420.0,1761752760.78125,-0.05310196389050046,-0.05310196389050046,True
2024-06-09,69297.4921875,69817.5234375,69160.84375,69647.9921875,69647.9921875,13534028500.0,1.0,,False,25420.0,1770451961.40625,0.4925659126589219,0.4925659126589219,True
2024-06-10,69644.3125,70146.0703125,69232.421875,69512.28125,69512.28125,20597699541.0,1.0,25400.0,True,25400.0,1765611943.75,-0.2737518782840234,-0.19504270460231218,False
2024-06-11,69508.078125,69549.4140625,66123.6015625,67332.03125,67332.03125,37116136345.0,1.0,25415.0,True,25415.0,1711243574.21875,-3.1276998043504642,-3.1867374917879587,False
2024-06-12,67321.375,69977.890625,66902.453125,68241.1875,68241.1875,34497940694.0,1.0,25435.0,True,25435.0,1735714604.0625,1.419886155016345,1.3412234174301008,False
2024-06-13,68243.1015625,68365.78125,66304.5625,66756.3984375,66756.3984375,28955204146.0,1.0,25435.0,True,25435.0,1697948994.2578125,-2.199815542116183,-2.199815542116183,False
2024-06-14,66747.5703125,67294.6484375,65056.89453125,66011.09375,66011.09375,27403884779.0,1.0,25435.0,True,25435.0,1678992169.53125,-1.1227334405387726,-1.1227334405387726,False
2024-06-15,66006.7421875,66402.1875,65871.7734375,66191.0,66191.0,14121265576.0,1.0,,False,25435.0,1683568085.0,0.27216870164859935,0.27216870164859935,True
2024-06-16,66189.359375,66894.84375,66018.25,66639.046875,66639.046875,13281140541.0,1.0,,False,25435.0,1694964157.265625,0.6746193121199441,0.6746193121199441,True
2024-06-17,66636.515625,67188.3203125,65094.96484375,66490.296875,66490.296875,30006354476.0,1.0,25450.0,True,25450.0,1692178055.46875,-0.16451050769301898,-0.22346697987336211,False
2024-06-18,66490.9765625,66556.703125,64066.95703125,65140.74609375,65140.74609375,39481285950.0,1.0,25425.0,True,25425.0,1656203469.4335938,-2.148857294506001,-2.0505771883152004,False
2024-06-19,65146.66015625,65695.3515625,64693.30078125,64960.296875,64960.296875,21103423504.0,1.0,25445.0,True,25445.0,1652914753.984375,-0.19876694091543243,-0.27739875153266785,False
2024-06-20,64960.296875,66438.9609375,64547.84765625,64828.65625,64828.65625,25641109124.0,1.0,25450.0,True,25450.0,1649889301.5625,-0.18320513219764795,-0.20285342777122792,False
2024-06-21,64837.98828125,65007.546875,63378.89453125,64096.19921875,64096.19921875,26188171739.0,1.0,25450.0,True,25450.0,1631248270.1171875,-1.1362664075990998,-1.1362664075990998,False
2024-06-22,64113.86328125,64475.46875,63929.7578125,64252.578125,64252.578125,9858198793.0,1.0,,False,25450.0,1635228113.28125,0.2436781820078235,0.2436781820078235,True
2024-06-23,64248.96484375,64491.703125,63180.796875,63180.796875,63180.796875,11170471802.0,1.0,,False,25450.0,1607951280.46875,-1.6821441362000096,-1.6821441362000096,True
2024-06-24,63173.3515625,63292.52734375,58601.69921875,60277.4140625,60277.4140625,43152133651.0,1.0,25425.0,True,25425.0,1532553252.5390625,-4.802573505532075,-4.704293399341265,False
2024-06-25,60266.28125,62258.26171875,60239.75,61804.640625,61804.640625,29201215431.0,1.0,25455.0,True,25455.0,1573237127.109375,2.620022400953328,2.502097858985756,False
2024-06-26,61789.67578125,62434.13671875,60695.1875,60811.27734375,60811.27734375,22506003064.0,1.0,25455.0,True,25455.0,1547951064.7851562,-1.6203198264060434,-1.6203198264060434,False
2024-06-27,60811.2265625,62293.86328125,60585.33203125,61604.80078125,61604.80078125,21231745045.0,1.0,25465.0,True,25465.0,1568766251.8945312,1.3357320845726193,1.296454786345771,False
2024-06-28,61612.8046875,62126.09765625,59985.40234375,60320.13671875,60320.13671875,24952866877.0,1.0,25455.0,True,25455.0,1535449080.1757812,-2.1466584990880446,-2.1073812008611803,False
2024-06-29,60319.875,61097.62109375,60300.96484375,60887.37890625,60887.37890625,12652903396.0,1.0,,False,25455.0,1549888230.0585938,0.9359920064692572,0.9359920064692572,True
2024-06-30,60888.4453125,62892.828125,60632.94921875,62678.29296875,62678.29296875,17333226409.0,1.0,,False,25455.0,1595475947.5195312,2.8989272731724975,2.8989272731724975,True
2024-07-01,62673.60546875,63777.2265625,62495.51171875,62851.98046875,62851.98046875,25468379421.0,1.0,25445.0,True,25445.0,1599268643.0273438,0.2374335213401015,0.2767262526904299,False
2024-07-02,62844.41015625,63203.359375,61752.74609375,62029.015625,62029.015625,20151616992.0,1.0,25450.0,True,25450.0,1578638447.65625,-1.2983693100554963,-1.318017605629068,False
2024-07-03,62034.33203125,62187.703125,59419.38671875,60173.921875,60173.921875,29756701685.0,1.0,25450.0,True,25450.0,1531426311.71875,-3.0363202506616576,-3.0363202506616576,False
2024-07-04,60147.13671875,60399.67578125,56777.8046875,56977.703125,56977.703125,41149609230.0,1.0,25450.0,True,25450.0,1450082544.53125,-5.457904895434864,-5.457904895434864,False
2024-07-05,57022.80859375,57497.15234375,53717.375,56662.375,56662.375,55417544033.0,1.0,25450.0,True,25450.0,1442057443.75,-0.5549607840752044,-0.5549607840752044,False
2024-07-06,56659.07421875,58472.546875,56038.9609375,58303.5390625,58303.5390625,20610320577.0,1.0,,False,25450.0,1483825069.140625,2.8552385625087484,2.8552385625087484,True
2024-07-07,58239.4296875,58371.12109375,55793.32421875,55849.109375,55849.109375,20553359505.0,1.0,,False,25450.0,1421359833.59375,-4.30092171893191,-4.30092171893191,True
2024-07-08,55849.57421875,58131.3359375,54321.01953125,56705.09765625,56705.09765625,39766159899.0,1.0,25412.0,True,25412.0,1440989941.640625,1.3716294198409058,1.5210533790654033,False
2024-07-09,56704.59765625,58239.1953125,56316.875,58009.2265625,58009.2265625,27849512607.0,1.0,25415.0,True,25415.0,1474304493.0859375,2.2856011606728037,2.273796411214889,False
2024-07-10,58033.8828125,59359.43359375,57178.4140625,57742.49609375,57742.49609375,26175260526.0,1.0,25413.0,True,25413.0,1467410053.2304688,-0.4687370151189094,-0.46086733698468724,False
2024-07-11,57729.890625,59299.43359375,57120.37890625,57344.9140625,57344.9140625,28707803842.0,1.0,25415.0,True,25415.0,1457420990.8984375,-0.683054919692656,-0.6909245978268808,False
2024-07-12,57341.1953125,58532.5546875,56590.17578125,57899.46484375,57899.46484375,25604805221.0,1.0,25420.0,True,25420.0,1471804396.328125,0.9820699420546334,0.9623984558104185,False
2024-07-13,57908.73828125,59787.078125,57796.44140625,59231.953125,59231.953125,17080061806.0,1.0,,False,25420.0,1505676248.4375,2.275300324258214,2.275300324258214,True
2024-07-14,59225.25,61329.52734375,59225.25,60787.79296875,60787.79296875,22223416061.0,1.0,,False,25420.0,1545225697.265625,2.5927850263005583,2.5927850263005583,True
2024-07-15,60815.45703125,64870.15234375,60704.9296875,64870.15234375,64870.15234375,38094526099.0,1.0,25410.0,True,25410.0,1648350571.0546875,6.460515196574514,6.499862039498034,False
2024-07-16,64784.41796875,65354.33984375,62487.96875,65097.1484375,65097.1484375,41617346768.0,1.0,25360.0,True,25360.0,1650863684.375,0.15234620196254933,0.34931297826731933,False
2024-07-17,65091.83203125,66066.734375,63896.0859375,64118.79296875,64118.79296875,32525071311.0,1.0,25375.0,True,25375.0,1627014371.5820312,-1.4551934661896957,-1.514324245482322,False
2024-07-18,64104.73828125,65104.66015625,63246.1640625,63974.06640625,63974.06640625,27239305337.0,1.0,25315.0,True,25315.0,1619503491.0742188,-0.46270461004313546,-0.22597141603525026,False
2024-07-19,63972.32421875,67442.640625,63329.34375,66710.15625,66710.15625,37003855410.0,1.0,25310.0,True,25310.0,1688434054.6875,4.168188924479563,4.187942010963554,False
2024-07-20,66709.921875,67610.734375,66299.6171875,67163.6484375,67163.6484375,19029581250.0,1.0,,False,25310.0,1699911941.953125,0.6774946348331885,0.6774946348331885,True
2024-07-21,67164.9140625,68372.90625,65842.296875,68154.5234375,68154.5234375,26652190004.0,1.0,,False,25310.0,1724990988.203125,1.4645375370143716,1.4645375370143716,True
2024-07-22,68152.9765625,68480.0625,66611.296875,67585.25,67585.25,42649109453.0,1.0,25300.0,True,25300.0,1709906825.0,-0.878294551367092,-0.8387766690112852,False
2024-07-23,67584.8046875,67779.015625,65484.4609375,65927.671875,65927.671875,35605668666.0,1.0,25325.0,True,25325.0,1669618290.234375,-2.384384914501217,-2.483150354628474,False
2024-07-24,65927.859375,67113.984375,65146.99609375,65372.1328125,65372.1328125,27470942309.0,1.0,25345.0,True,25345.0,1656856706.1328125,-0.7672774768010464,-0.8462196557576013,False
2024-07-25,65375.875,66112.421875,63473.47265625,65777.2265625,65777.2265625,38315761670.0,1.0,25350.0,True,25350.0,1667452693.359375,0.6374871792825287,0.6177613679945954,False
2024-07-26,65771.8125,68207.6015625,65743.765625,67912.0625,67912.0625,30488630457.0,1.0,25285.0,True,25285.0,1717156500.3125,2.937259668795106,3.193999219319689,False
2024-07-27,67911.8125,69398.5078125,66705.21875,67813.3359375,67813.3359375,34691905492.0,1.0,,False,25285.0,1714660199.1796875,-0.1454798896138238,-0.1454798896138238,True
2024-07-28,67808.65625,68301.8515625,67085.828125,68255.8671875,68255.8671875,18043166945.0,1.0,,False,25285.0,1725849601.8359375,0.6504525639670647,0.6504525639670647,True
2024-07-29,68259.0546875,69987.5390625,66532.59375,66819.9140625,66819.9140625,40780682628.0,1.0,25300.0,True,25300.0,1690543825.78125,-2.06691844625584,-2.1262245664086654,False
2024-07-30,66819.0546875,66987.671875,65323.19140625,66201.015625,66201.015625,31380492109.0,1.0,25275.0,True,25275.0,1673230669.921875,-1.0293977057612758,-0.9305346230673276,False
2024-07-31,66201.2734375,66810.2109375,64532.046875,64619.25,64619.25,31292785994.0,1.0,25275.0,True,25275.0,1633251543.75,-2.418345057748668,-2.418345057748668,False
2024-08-01,64625.83984375,65593.2421875,62248.94140625,65357.5,65357.5,40975554494.0,1.0,25235.0,True,25235.0,1649296512.5,0.9776000996733699,1.1359846111043197,False
2024-08-02,65353.5,65523.22265625,61184.89453125,61415.06640625,61415.06640625,43060875727.0,1.0,25215.0,True,25215.0,1548580899.4335938,-6.300987812840854,-6.221701386487153,False
2024-08-03,61414.80859375,62148.37109375,59836.52734375,60680.09375,60680.09375,31753030589.0,1.0,,False,25215.0,1530048563.90625,-1.203948679208518,-1.203948679208518,True
2024-08-04,60676.09375,61062.98828125,57210.8046875,58116.9765625,58116.9765625,31758917219.0,1.0,,False,25215.0,1465419564.0234375,-4.315788272420938,-4.315788272420938,True
2024-08-05,58110.296875,58268.828125,49121.23828125,53991.45703125,53991.45703125,108991085584.0,1.0,25205.0,True,25205.0,1360854674.4726562,-7.402865381529517,-7.363198582120066,False
2024-08-06,53991.34765625,57059.91796875,53973.2734375,56034.31640625,56034.31640625,49300484106.0,1.0,25080.0,True,25080.0,1405340655.46875,3.2166793329242833,3.713846509911699,False
2024-08-07,56040.6328125,57726.8828125,54620.5078125,55027.4609375,55027.4609375,41637562185.0,1.0,25130.0,True,25130.0,1382840093.359375,-1.6140309830642785,-1.8131945621423673,False
2024-08-08,55030.02734375,62673.765625,54766.7265625,61710.13671875,61710.13671875,45298472567.0,1.0,25155.0,True,25155.0,1552318489.1601562,11.561018982073909,11.461585743295792,False
2024-08-09,61728.20703125,61751.86328125,59587.859375,60880.11328125,60880.11328125,33425553115.0,1.0,25135.0,True,25135.0,1530221647.3242188,-1.4337020351410716,-1.3541633552667405,False
2024-08-10,60881.23046875,61464.51171875,60287.56640625,60945.8125,60945.8125,15745822278.0,1.0,,False,25135.0,1531872997.1875,0.10785754296191252,0.10785754296191252,True
2024-08-11,60944.890625,61778.66015625,58348.82421875,58719.484375,58719.484375,22759754812.0,1.0,,False,25135.0,1475914239.765625,-3.721354652343721,-3.721354652343721,True
2024-08-12,58719.39453125,60680.33203125,57688.8984375,59354.515625,59354.515625,37078637820.0,1.0,25090.0,True,25090.0,1489204797.03125,0.896466287440032,1.075659964060797,False
2024-08-13,59356.20703125,61572.3984375,58506.25390625,60609.56640625,60609.56640625,30327698167.0,1.0,25120.0,True,25120.0,1522512308.125,2.211952049878202,2.092453927711503,False
2024-08-14,60611.05078125,61687.7578125,58472.875,58737.26953125,58737.26953125,29961696180.0,1.0,25115.0,True,25115.0,1475186524.2773438,-3.157736578965429,-3.13783013916643,False
2024-08-15,58733.26171875,59838.6484375,56161.59375,57560.09765625,57560.09765625,35682112440.0,1.0,25020.0,True,25020.0,1440153643.359375,-2.4034634260378933,-2.024486209713598,False
2024-08-16,57560.2734375,59847.359375,57110.01953125,58894.10546875,58894.10546875,29350938673.0,1.0,25035.0,True,25035.0,1474413930.4101562,2.3510770844485807,2.291143010134266,False
2024-08-17,58893.53125,59694.66796875,58814.83203125,59478.97265625,59478.97265625,13589684021.0,1.0,,False,25035.0,1489056080.4492188,0.9881840637262366,0.9881840637262366,True
2024-08-18,59468.1328125,60262.71875,58445.40234375,58483.96484375,58483.96484375,17740625837.0,1.0,,False,25035.0,1464146059.8632812,-1.687023792647201,-1.687023792647201,True
2024-08-19,58480.7109375,59612.66015625,57864.7109375,59493.453125,59493.453125,25911207712.0,1.0,25050.0,True,25050.0,1490311000.78125,1.7712645304971952,1.7113663556006082,False
2024-08-20,59493.453125,61396.328125,58610.8828125,59012.79296875,59012.79296875,31613400008.0,1.0,24960.0,True,24960.0,1472959312.5,-1.1711308634404216,-0.8112024604757305,False
2024-08-21,59014.98828125,61834.3515625,58823.4453125,61175.19140625,61175.19140625,32731154072.0,1.0,24915.0,True,24915.0,1524179893.8867188,3.4182976006892685,3.5987487774751865,False
2024-08-22,61168.31640625,61408.109375,59815.25390625,60381.9140625,60381.9140625,27625734377.0,1.0,24930.0,True,24930.0,1505321117.578125,-1.245024830344481,-1.3052114105543453,False
2024-08-23,60380.953125,64947.0625,60372.05078125,64094.35546875,64094.35546875,42530509233.0,1.0,24960.0,True,24960.0,1599795112.5,6.0869323755685585,5.966667778992524,False
2024-08-24,64103.87109375,64513.7890625,63619.91796875,64178.9921875,64178.9921875,21430585163.0,1.0,,False,24960.0,1601907645.0,0.13196308130850046,0.13196308130850046,True
2024-08-25,64176.3671875,64996.421875,63833.51953125,64333.54296875,64333.54296875,18827683555.0,1.0,,False,24960.0,1605765232.5,0.24052261605437084,0.24052261605437084,True
2024-08-26,64342.2265625,64489.70703125,62849.55859375,62880.66015625,62880.66015625,27682040631.0,1.0,24965.0,True,24965.0,1569815680.8007812,-2.2642211627788753,-2.284251207913442,False
2024-08-27,62879.70703125,63210.796875,58116.75,59504.1328125,59504.1328125,39103882198.0,1.0,24860.0,True,24860.0,1479272741.71875,-5.940763543091541,-5.519287756090793,False
2024-08-28,59507.92578125,60236.44921875,57890.67578125,59027.625,59027.625,40289564698.0,1.0,24820.0,True,24820.0,1465065652.5,-0.9650520815370859,-0.804021450926693,False
2024-08-29,59027.46875,61184.08203125,58786.2265625,59388.1796875,59388.1796875,32224990582.0,1.0,24855.0,True,24855.0,1476093206.1328125,0.7498816512913746,0.6089656742738994,False
2024-08-30,59388.6015625,59896.88671875,57768.53125,59119.4765625,59119.4765625,32292756405.0,1.0,24870.0,True,24870.0,1470301382.109375,-0.39314703513502436,-0.4534788620027655,False
2024-08-31,59117.48046875,59432.59375,58768.78515625,58969.8984375,58969.8984375,12403470760.0,1.0,,False,24870.0,1466581374.140625,-0.25333050495830445,-0.25333050495830445,True
2024-09-01,58969.80078125,59062.0703125,57217.82421875,57325.48828125,57325.48828125,24592449997.0,1.0,,False,24870.0,1425684893.5546875,-2.8281771257721453,-2.8281771257721453,True
2024-09-02,57326.96875,59403.0703125,57136.02734375,59112.48046875,59112.48046875,27036454524.0,1.0,24860.0,True,24860.0,1469536264.453125,3.0294559349900787,3.0696731082648925,False
2024-09-03,59106.19140625,59815.05859375,57425.16796875,57431.0234375,57431.0234375,26666961053.0,1.0,24860.0,True,24860.0,1427735242.65625,-2.8857442236703132,-2.8857442236703132,False
2024-09-04,57430.34765625,58511.5703125,55673.1640625,57971.5390625,57971.5390625,35627680312.0,1.0,24860.0,True,24860.0,1441172461.09375,0.9367548966836616,0.9367548966836616,False
2024-09-05,57971.703125,58300.58203125,55712.453125,56160.48828125,56160.48828125,31030280656.0,1.0,24852.0,True,24852.0,1395700454.765625,-3.206058402660925,-3.1738730145491645,False
2024-09-06,56160.19140625,56976.109375,52598.69921875,53948.75390625,53948.75390625,49361693566.0,1.0,24730.0,True,24730.0,1334152684.1015625,-4.510001057366282,-4.017885990554018,False
2024-09-07,53949.0859375,54838.14453125,53740.0703125,54139.6875,54139.6875,19061486526.0,1.0,,False,24730.0,1338874471.875,0.35329178561706914,0.35329178561706914,True
2024-09-08,54147.93359375,55300.859375,53653.7578125,54841.56640625,54841.56640625,18268287531.0,1.0,,False,24730.0,1356231937.2265625,1.2880905395702242,1.2880905395702242,True
2024-09-09,54851.88671875,58041.125,54598.43359375,57019.53515625,57019.53515625,34618096173.0,1.0,24600.0,True,24600.0,1402680564.84375,3.3674875070439043,3.894551366544674,False
2024-09-10,57020.09765625,58029.9765625,56419.4140625,57648.7109375,57648.7109375,28857630507.0,1.0,24680.0,True,24680.0,1422770185.9375,1.422071125826405,1.0973955159393973,False
2024-09-11,57650.2890625,57991.3203125,55567.33984375,57343.171875,57343.171875,37049062672.0,1.0,24660.0,True,24660.0,1414082618.4375,-0.6124811724369789,-0.5314110423381013,False
2024-09-12,57343.171875,58534.359375,57330.1015625,58127.01171875,58127.01171875,33835707949.0,1.0,24550.0,True,24550.0,1427018137.6953125,0.9106054133732095,1.357669762940072,False
2024-09-13,58130.32421875,60648.0234375,57650.11328125,60571.30078125,60571.30078125,32490528356.0,1.0,24575.0,True,24575.0,1488539716.6992188,4.220853469995105,4.11907229072504,False
2024-09-14,60569.1171875,60656.72265625,59517.8828125,60005.12109375,60005.12109375,16428405496.0,1.0,,False,24575.0,1474625850.8789062,-0.9391286288541528,-0.9391286288541528,True
2024-09-15,60000.7265625,60381.91796875,58696.30859375,59182.8359375,59182.8359375,18120960867.0,1.0,,False,24575.0,1454418193.1640625,-1.3798343779418605,-1.3798343779418605,True
2024-09-16,59185.2265625,59205.51171875,57501.33984375,58192.5078125,58192.5078125,32032822113.0,1.0,24530.0,True,24530.0,1427462216.640625,-1.8707759419013303,-1.6874951656180976,False
2024-09-17,58192.5078125,61316.08984375,57628.0703125,60308.5390625,60308.5390625,38075570118.0,1.0,24530.0,True,24530.0,1479368463.203125,3.5717088660707748,3.5717088660707748,False
2024-09-18,60309.0,61664.06640625,59218.25390625,61649.6796875,61649.6796875,40990702891.0,1.0,24620.0,True,24620.0,1517815113.90625,2.565659305430438,2.199433056839477,False
2024-09-19,61651.15625,63872.44140625,61609.8671875,62940.45703125,62940.45703125,42710252573.0,1.0,24600.0,True,24600.0,1548335242.96875,1.990844123592606,2.072111905391629,False
2024-09-20,62941.42578125,64119.53125,62364.60546875,63192.9765625,63192.9765625,35177164222.0,1.0,24565.0,True,24565.0,1552335469.2578125,0.2580234329699704,0.40040116474054177,False
2024-09-21,63184.33984375,63543.359375,62783.10546875,63394.83984375,63394.83984375,14408616220.0,1.0,,False,24565.0,1557294240.7617188,0.3189303016478239,0.3189303016478239,True
2024-09-22,63396.8046875,63993.421875,62440.7265625,63648.7109375,63648.7109375,20183348802.0,1.0,,False,24565.0,1563530584.1796875,0.39966047880297073,0.39966047880297073,True
2024-09-23,63643.1015625,64733.55859375,62628.078125,63329.80078125,63329.80078125,31400285425.0,1.0,24590.0,True,24590.0,1557279801.2109375,-0.4005877035590107,-0.5023067643079772,False
2024-09-24,63326.83984375,64695.21484375,62737.41796875,64301.96875,64301.96875,29938335243.0,1.0,24615.0,True,24615.0,1582792960.78125,1.6250401154249288,1.5234244172186633,False
2024-09-25,64302.58984375,64804.50390625,62945.375,63143.14453125,63143.14453125,25078377700.0,1.0,24590.0,True,24590.0,1552689924.0234375,-1.92021215409514,-1.818596455888868,False
2024-09-26,63138.546875,65790.796875,62669.26953125,65181.01953125,65181.01953125,36873129847.0,1.0,24580.0,True,24580.0,1602149460.078125,3.1357278565411693,3.176403065562404,False
2024-09-27,65180.6640625,66480.6953125,64852.9921875,65790.6640625,65790.6640625,32058813449.0,1.0,24615.0,True,24615.0,1619437195.8984375,1.0732538720953233,0.9309629648678251,False
2024-09-28,65792.1796875,66255.53125,65458.03515625,65887.6484375,65887.6484375,15243637984.0,1.0,,False,24615.0,1621824466.2890625,0.14730503557602515,0.14730503557602515,True
2024-09-29,65888.8984375,66069.34375,65450.015625,65635.3046875,65635.3046875,14788214575.0,1.0,,False,24615.0,1615613024.8828125,-0.3837262677613024,-0.3837262677613024,True
2024-09-30,65634.65625,65635.0546875,62873.6171875,63329.5,63329.5,37112957475.0,1.0,24590.0,True,24590.0,1557272405.0,-3.6778634031630757,-3.5762477049568058,False
2024-10-01,63335.60546875,64110.98046875,60189.27734375,60837.0078125,60837.0078125,50220923500.0,1.0,24555.0,True,24555.0,1493852726.8359375,-4.157732715414341,-4.015297041725014,False
2024-10-02,60836.32421875,62357.6875,59996.94921875,60632.78515625,60632.78515625,40762722398.0,1.0,24595.0,True,24595.0,1491263350.9179688,-0.17348582098430737,-0.3362528965938227,False
2024-10-03,60632.484375,61469.0390625,59878.8046875,60759.40234375,60759.40234375,36106447279.0,1.0,24652.0,True,24652.0,1497840786.578125,0.44009482264696276,0.20860853737759527,False
2024-10-04,60754.625,62465.9921875,60459.94140625,62067.4765625,62067.4765625,29585472513.0,1.0,24745.0,True,24745.0,1535859707.5390625,2.506569886323994,2.1300283559387174,False
2024-10-05,62067.609375,62371.0234375,61689.58203125,62089.94921875,62089.94921875,13305410749.0,1.0,,False,24745.0,1536415793.4179688,0.03620026165009027,0.03620026165009027,True
2024-10-06,62084.98828125,62959.5703125,61833.1484375,62818.953125,62818.953125,14776233667.0,1.0,,False,24745.0,1554454995.078125,1.1672701783517452,1.1672701783517452,True
2024-10-07,62819.109375,64443.70703125,62152.55078125,62236.66015625,62236.66015625,34253562610.0,1.0,24755.0,True,24755.0,1540668522.1679688,-0.8908571183535061,-0.9312611593072029,False
2024-10-08,62221.64453125,63174.3046875,61843.5625,62131.96875,62131.96875,28134475157.0,1.0,24840.0,True,24840.0,1543358103.75,0.17442017142723382,-0.16835665376192951,False
2024-10-09,62131.7265625,62508.8359375,60314.61328125,60582.1015625,60582.1015625,27670982363.0,1.0,24835.0,True,24835.0,1504556492.3046875,-2.5462463974428418,-2.5261155468464205,False
2024-10-10,60581.9296875,61236.72265625,58895.20703125,60274.5,60274.5,30452813570.0,1.0,24830.0,True,24830.0,1496615835.0,-0.5291716015191328,-0.509036697595273,False
2024-10-11,60275.4609375,63400.87109375,60046.125,62445.08984375,62445.08984375,30327141594.0,1.0,24830.0,True,24830.0,1550511580.8203125,3.537847936044716,3.537847936044716,False
2024-10-12,62444.6171875,63448.78515625,62443.26953125,63193.0234375,63193.0234375,16744110886.0,1.0,,False,24830.0,1569082771.953125,1.1906298332257008,1.1906298332257008,True
2024-10-13,63192.9453125,63272.65234375,62035.63671875,62851.375,62851.375,18177529690.0,1.0,,False,24830.0,1560599641.25,-0.5421094129359056,-0.5421094129359056,True
2024-10-14,62848.3984375,66482.4921875,62442.15234375,66046.125,66046.125,43706958056.0,1.0,24800.0,True,24800.0,1637943900.0,4.8371602939151455,4.958054928829012,False
2024-10-15,66050.3671875,67881.6796875,64809.1953125,67041.109375,67041.109375,48863870879.0,1.0,24840.0,True,24840.0,1665301156.875,1.6564246316381168,1.4952642422039788,False
2024-10-16,67042.4609375,68375.2890625,66758.7265625,67612.71875,67612.71875,38195189534.0,1.0,24925.0,True,24925.0,1685247014.84375,1.1906167330073376,0.8490108547449184,False
2024-10-17,67617.078125,67912.2109375,66647.390625,67399.8359375,67399.8359375,32790898511.0,1.0,24970.0,True,24970.0,1682973903.359375,-0.13497403434473954,-0.31535287872272155,False
2024-10-18,67419.109375,68969.75,67177.8203125,68418.7890625,68418.7890625,36857165014.0,1.0,25180.0,True,25180.0,1722785108.59375,2.337982137418456,1.500489704966544,False
2024-10-19,68418.9765625,68668.0078125,68024.640625,68362.734375,68362.734375,14443497908.0,1.0,,False,25180.0,1721373651.5625,-0.0819623721527923,-0.0819623721527923,True
2024-10-20,68364.1796875,69359.0078125,68105.71875,69001.703125,69001.703125,18975847518.0,1.0,,False,25180.0,1737462884.6875,0.9303330181939203,0.9303330181939203,True
2024-10-21,69002.0,69462.734375,66829.8515625,67367.8515625,67367.8515625,37498611780.0,1.0,25150.0,True,25150.0,1694301466.796875,-2.515539499175538,-2.3963262921302486,False
2024-10-22,67360.703125,67801.578125,66581.3671875,67361.40625,67361.40625,31808472566.0,1.0,25285.0,True,25285.0,1703233157.03125,0.525775999302045,-0.009567799317776519,False
2024-10-23,67362.375,67402.7421875,65188.03515625,66432.1953125,66432.1953125,32263980353.0,1.0,25390.0,True,25390.0,1686713438.984375,-0.9746377029058222,-1.3890438213698968,False
2024-10-24,66653.703125,68798.9609375,66454.1015625,68161.0546875,68161.0546875,31414428647.0,1.0,25400.0,True,25400.0,1731290789.0625,2.6085326275357144,2.569154796745315,False
2024-10-25,68165.296875,68722.15625,65521.79296875,66642.4140625,66642.4140625,41469984306.0,1.0,25385.0,True,25385.0,1691717680.9765625,-2.3122859097928194,-2.253213347279499,False
2024-10-26,66628.734375,67317.921875,66360.59375,67014.6953125,67014.6953125,19588098156.0,1.0,,False,25385.0,1701168040.5078125,0.557070573324996,0.557070573324996,True
2024-10-27,67023.4765625,68221.3125,66847.2265625,67929.296875,67929.296875,16721307878.0,1.0,,False,25385.0,1724385201.171875,1.355548405756674,1.355548405756674,True
2024-10-28,67922.671875,70212.265625,67535.1328125,69907.7578125,69907.7578125,38799856657.0,1.0,25355.0,True,25355.0,1772511199.3359375,2.7526715950181666,2.8709215102556978,False
2024-10-29,69910.046875,73577.2109375,69729.9140625,72720.4921875,72720.4921875,58541874402.0,1.0,25345.0,True,25345.0,1843100874.4921875,3.9052113255092586,3.9446590577762133,False
2024-10-30,72715.3671875,72905.296875,71411.734375,72339.5390625,72339.5390625,40646637831.0,1.0,25295.0,True,25295.0,1829828640.5859375,-0.722708759860041,-0.5252363418187159,False
2024-10-31,72335.046875,72662.3125,69590.5,70215.1875,70215.1875,40627912076.0,1.0,25280.0,True,25280.0,1775039940.0,-3.039939936216767,-2.980622089692495,False
2024-11-01,70216.8984375,71559.015625,68779.703125,69482.46875,69482.46875,49989795365.0,1.0,25270.0,True,25270.0,1755821985.3125,-1.088580911533219,-1.0490161236778448,False
2024-11-02,69486.0234375,69867.3515625,69033.71875,69289.2734375,69289.2734375,18184612091.0,1.0,,False,25270.0,1750939939.765625,-0.278436278553029,-0.278436278553029,True
2024-11-03,69296.3828125,69361.65625,67482.5234375,68741.1171875,68741.1171875,34868307655.0,1.0,,False,25270.0,1737088031.328125,-0.7942586110248759,-0.7942586110248759,True
2024-11-04,68742.1328125,69433.1796875,66803.6484375,67811.5078125,67811.5078125,41184819348.0,1.0,25280.0,True,25280.0,1714274917.5,-1.32199634837119,-1.3615611362265725,False
2024-11-05,67811.171875,70522.7890625,67458.8671875,69359.5625,69359.5625,46046889204.0,1.0,25310.0,True,25310.0,1755490526.875,2.375811776930796,2.257211249093191,False
2024-11-06,69358.5,76460.15625,69322.03125,75639.078125,75639.078125,118592653963.0,1.0,25330.0,True,25330.0,1915937848.90625,8.745892072501505,8.666903126846401,False
2024-11-07,75637.0859375,76943.1171875,74480.421875,75904.859375,75904.859375,63467654989.0,1.0,25370.0,True,25370.0,1925706282.34375,0.5085559285085544,0.35076496874788743,False
2024-11-08,75902.8359375,77252.75,75648.7421875,76545.4765625,76545.4765625,55176858003.0,1.0,25350.0,True,25350.0,1940427830.859375,0.7615679765317974,0.8404323339316332,False
2024-11-09,76556.1875,76932.765625,75773.7890625,76778.8671875,76778.8671875,29009480361.0,1.0,,False,25350.0,1946344283.203125,0.30444063813357425,0.30444063813357425,True
2024-11-10,76775.546875,81474.421875,76565.4296875,80474.1875,80474.1875,82570594495.0,1.0,,False,25350.0,2040020653.125,4.700704537184314,4.700704537184314,True
2024-11-11,80471.4140625,89604.5,80283.25,88701.484375,88701.484375,117966845037.0,1.0,25260.0,True,25260.0,2240599495.3125,9.378353001011554,9.734014312496264,False
2024-11-12,88705.5625,89956.8828125,85155.109375,87955.8125,87955.8125,133673285375.0,1.0,25310.0,True,25310.0,2226161614.375,-0.6464608634419124,-0.8442066269106776,False
2024-11-13,87929.96875,93434.3515625,86256.9296875,90584.1640625,90584.1640625,123559027869.0,1.0,25340.0,True,25340.0,2295402717.34375,3.0629450823721927,2.944485048776148,False
2024-11-14,90574.8828125,91765.21875,86682.8125,87250.4296875,87250.4296875,87616705248.0,1.0,25330.0,True,25330.0,2210053383.984375,-3.789163319822056,-3.7496922318811383,False
2024-11-15,87284.1796875,91868.7421875,87124.8984375,91066.0078125,91066.0078125,78243109518.0,1.0,25390.0,True,25390.0,2312165938.359375,4.5168049994429476,4.280211829142622,False
2024-11-16,91064.3671875,91763.9453125,90094.2265625,90558.4765625,90558.4765625,44333192814.0,1.0,,False,25390.0,2299279719.921875,-0.5588812244118381,-0.5588812244118381,True
2024-11-17,90558.4609375,91433.0390625,88741.6640625,89845.8515625,89845.8515625,46350159305.0,1.0,,False,25390.0,2281186171.171875,-0.7900350440318173,-0.7900350440318173,True
2024-11-18,89843.71875,92596.7890625,89393.59375,90542.640625,90542.640625,75535775084.0,1.0,25380.0,True,25380.0,2297972219.0625,0.7331531975729929,0.7725465406075372,False
2024-11-19,90536.8125,94002.8671875,90426.984375,92343.7890625,92343.7890625,74521048295.0,1.0,25405.0,True,25405.0,2345993961.1328125,2.068208594310517,1.9697543183651733,False
2024-11-20,92341.890625,94902.0234375,91619.5,94339.4921875,94339.4921875,71730956426.0,1.0,25395.0,True,25395.0,2395751404.1015625,2.0987744205945726,2.138144499843257,False
2024-11-21,94334.640625,99014.21875,94132.6015625,98504.7265625,98504.7265625,106024505582.0,1.0,25415.0,True,25415.0,2503497625.5859375,4.399188402786977,4.320463738221239,False
2024-11-22,98496.4296875,99655.5,97222.6640625,98997.6640625,98997.6640625,78473580551.0,1.0,25415.0,True,25415.0,2516025632.1484375,0.49917220950611746,0.49917220950611746,False
2024-11-23,99006.7421875,99014.6796875,97232.890625,97777.28125,97777.28125,44414644677.0,1.0,,False,25415.0,2485009602.96875,-1.2404002529793905,-1.2404002529793905,True
2024-11-24,97778.09375,98647.1796875,95788.078125,98013.8203125,98013.8203125,51712020623.0,1.0,,False,25415.0,2491021243.2421875,0.24162403264788948,0.24162403264788948,True
2024-11-25,98033.4453125,98935.03125,92642.9140625,93102.296875,93102.296875,80909462490.0,1.0,25417.0,True,25417.0,2366381079.671875,-5.13309467046443,-5.140963729329047,False
2024-11-26,93087.28125,94991.75,90770.8125,91985.3203125,91985.3203125,91656519855.0,1.0,25410.0,True,25410.0,2337346989.140625,-1.2345296689720353,-1.2069852534281011,False
2024-11-27,91978.140625,97361.1796875,91778.6640625,95962.53125,95962.53125,71133452438.0,1.0,25405.0,True,25405.0,2437928106.40625,4.213202101857936,4.232881330495688,False
2024-11-28,95954.9453125,96650.203125,94677.3515625,95652.46875,95652.46875,52260008261.0,1.0,25375.0,True,25375.0,2427181394.53125,-0.4417877686876692,-0.3236310003132818,False
2024-11-29,95653.953125,98693.171875,95407.8828125,97461.5234375,97461.5234375,54968682476.0,1.0,25358.0,True,25358.0,2471429311.328125,1.8065987651012523,1.8736162907207532,False
2024-11-30,97468.8125,97499.34375,96144.21875,96449.0546875,96449.0546875,31634227866.0,1.0,,False,25358.0,2445755128.765625,-1.0442730465097627,-1.0442730465097627,True
2024-12-01,96461.3359375,97888.125,95770.1875,97279.7890625,97279.7890625,36590695296.0,1.0,,False,25358.0,2466820891.046875,0.8576311620290236,0.8576311620290236,True
2024-12-02,97276.0078125,98152.6015625,94482.8671875,95865.3046875,95865.3046875,72680784305.0,1.0,25344.0,True,25344.0,2429610282.0,-1.5199366272101678,-1.4647119798360833,False
2024-12-03,95854.59375,96297.203125,93629.5625,96002.1640625,96002.1640625,67067810961.0,1.0,25374.0,True,25374.0,2435958910.921875,0.26096155549515426,0.14266034685602644,False
2024-12-04,95988.53125,99207.328125,94660.5234375,98768.53125,98768.53125,77199817112.0,1.0,25395.0,True,25395.0,2508226851.09375,2.9235587406808152,2.8408310872006197,False
2024-12-05,98741.5390625,103900.46875,91998.78125,96593.5703125,96593.5703125,149218945580.0,1.0,25400.0,True,25400.0,2453476685.9375,-2.2069995540939256,-2.2266865312221884,False
2024-12-06,97074.2265625,102039.8828125,96514.875,99920.7109375,99920.7109375,94534772658.0,1.0,25393.0,True,25393.0,2537286612.8359375,3.358917323457364,3.3864801767809163,False
2024-12-07,99916.7109375,100563.3828125,99030.8828125,99923.3359375,99923.3359375,44177510897.0,1.0,,False,25393.0,2537353269.4609375,0.00262704848226063,0.00262704848226063,True
2024-12-08,99921.9140625,101399.9921875,98771.515625,101236.015625,101236.015625,44125751925.0,1.0,,False,25393.0,2570686144.765625,1.3051327819741105,1.3051327819741105,True
2024-12-09,101237.0625,101272.5078125,94355.9140625,97432.71875,97432.71875,110676473908.0,1.0,25375.0,True,25375.0,2472355238.28125,-3.900161159551712,-3.829250346621322,False
2024-12-10,97441.234375,98270.15625,94321.2578125,96675.4296875,96675.4296875,104823780634.0,1.0,25370.0,True,25370.0,2452655651.171875,-0.7999857304748818,-0.7802793553987951,False
2024-12-11,96656.0625,101913.359375,95747.2265625,101173.03125,101173.03125,85391409936.0,1.0,25360.0,True,25360.0,2565748072.5,4.507870552859782,4.547294957076327,False
2024-12-12,101167.8046875,102524.9140625,99339.953125,100043.0,100043.0,72073983533.0,1.0,25380.0,True,25380.0,2539091340.0,-1.0443805432387998,-1.1232138149604487,False
2024-12-13,100046.6484375,101888.8046875,99233.28125,101459.2578125,101459.2578125,56894751583.0,1.0,25394.0,True,25394.0,2576456392.890625,1.4608686833655187,1.4057223472297038,False
2024-12-14,101451.4375,102618.8828125,100634.0546875,101372.96875,101372.96875,40422968793.0,1.0,,False,25394.0,2574265168.4375,-0.08508417934171539,-0.08508417934171539,True
2024-12-15,101373.53125,105047.5390625,101227.03125,104298.6953125,104298.6953125,51145914137.0,1.0,,False,25394.0,2648561068.765625,2.8452377696528823,2.8452377696528823,True
2024-12-16,104293.578125,107780.578125,103322.984375,106029.71875,106029.71875,91020417816.0,1.0,25400.0,True,25400.0,2693154856.25,1.6696815819921336,1.6460567443030163,False
2024-12-17,106030.6875,108268.4453125,105291.734375,106140.6015625,106140.6015625,68589364868.0,1.0,25385.0,True,25385.0,2694379170.6640625,0.0454499007902895,0.10452246330361938,False
2024-12-18,106147.296875,106470.609375,100041.5390625,100041.5390625,100041.5390625,93865656139.0,1.0,25430.0,True,25430.0,2544056338.359375,-5.7408023619099575,-5.917915465377018,False
2024-12-19,100070.6875,102748.1484375,95587.6796875,97490.953125,97490.953125,97221662392.0,1.0,25445.0,True,25445.0,2480657302.265625,-2.5236224518374857,-2.5825905125142588,False
2024-12-20,97484.6953125,98098.9140625,92175.1796875,97755.9296875,97755.9296875,105634083408.0,1.0,25450.0,True,25450.0,2487888410.546875,0.29107565089188403,0.2714273553183173,False
2024-12-21,97756.1953125,99507.1015625,96426.5234375,97224.7265625,97224.7265625,51765334294.0,1.0,,False,25450.0,2474369291.015625,-0.544879117211963,-0.544879117211963,True
2024-12-22,97218.3203125,97360.265625,94202.1875,95104.9375,95104.9375,43147981314.0,1.0,,False,25450.0,2420420659.375,-2.20441803820154,-2.20441803820154,True
2024-12-23,95099.390625,96416.2109375,92403.1328125,94686.2421875,94686.2421875,65239002919.0,1.0,25445.0,True,25445.0,2409291432.4609375,-0.46086584048567375,-0.44121754491209825,False
2024-12-24,94684.34375,99404.0625,93448.015625,98676.09375,98676.09375,47114953674.0,1.0,25440.0,True,25440.0,2510319825.0,4.107747249940477,4.127399406827944,False
2024-12-25,98675.9140625,99478.75,97593.46875,99299.1953125,99299.1953125,33700394629.0,1.0,25425.0,True,25425.0,2524682040.8203125,0.5704965025439389,0.6294761562737073,False
2024-12-26,99297.6953125,99884.5703125,95137.8828125,95795.515625,95795.515625,47054980873.0,1.0,25420.0,True,25420.0,2435122007.1875,-3.611826947011941,-3.5921593296803764,False
2024-12-27,95704.9765625,97294.84375,93310.7421875,94164.859375,94164.859375,52419934565.0,1.0,25425.0,True,25425.0,2394141549.609375,-1.6972128691639874,-1.716880486495554,False
2024-12-28,94160.1875,95525.8984375,94014.2890625,95163.9296875,95163.9296875,24107436185.0,1.0,,False,25425.0,2419542912.3046875,1.0553910906912645,1.0553910906912645,True
2024-12-29,95174.0546875,95174.875,92881.7890625,93530.2265625,93530.2265625,29635885267.0,1.0,,False,25425.0,2378006010.3515625,-1.7316317368601404,-1.7316317368601404,True
2024-12-30,93527.1953125,94903.3203125,91317.1328125,92643.2109375,92643.2109375,56188003691.0,1.0,25445.0,True,25445.0,2357306502.3046875,-0.8742671085556637,-0.952898919172895,False
2024-12-31,92643.25,96090.6015625,91914.03125,93429.203125,93429.203125,43625106843.0,1.0,25476.0,True,25476.0,2380202378.8125,0.9665862521195725,0.8448290052872479,False
2025-01-01,93425.1015625,94929.8671875,92788.125,94419.7578125,94419.7578125,24519888919.0,1.0,,False,25476.0,2405437750.03125,1.0546386456946344,1.0546386456946344,True
2025-01-02,94416.2890625,97739.8203125,94201.5703125,96886.875,96886.875,46009564411.0,1.0,25480.0,True,25480.0,2468677575.0,2.5950708888389395,2.579371069354611,False
2025-01-03,96881.7265625,98956.9140625,96034.6171875,98107.4296875,98107.4296875,35611391163.0,1.0,25450.0,True,25450.0,2496834085.546875,1.1340951046061531,1.251903875349227,False
2025-01-04,98106.9921875,98734.4296875,97562.9765625,98236.2265625,98236.2265625,22342608078.0,1.0,,False,25450.0,2500111966.015625,0.1311953703357832,0.1311953703357832,True
2025-01-05,98233.90625,98813.3046875,97291.765625,98314.9609375,98314.9609375,20525254825.0,1.0,,False,25450.0,2502115755.859375,0.08011590284728617,0.08011590284728617,True
2025-01-06,98314.953125,102482.875,97926.1484375,102078.0859375,102078.0859375,51823432705.0,1.0,25400.0,True,25400.0,2592783382.8125,3.5595287544777094,3.7561856516817858,False
2025-01-07,102248.8515625,102712.484375,96132.875,96922.703125,96922.703125,58685738547.0,1.0,25370.0,True,25370.0,2458928978.28125,-5.300608339199571,-5.182428297869528,False
2025-01-08,96924.1640625,97258.3203125,92525.84375,95043.5234375,95043.5234375,63875859171.0,1.0,25360.0,True,25360.0,2410303754.375,-1.997310173873104,-1.9578857696565648,False
2025-01-09,95043.484375,95349.71875,91220.84375,92484.0390625,92484.0390625,62777261693.0,1.0,25370.0,True,25370.0,2346320071.015625,-2.690460513687043,-2.7298849179035747,False
2025-01-10,92494.4921875,95770.609375,92250.09375,94701.453125,94701.453125,62058693684.0,1.0,25375.0,True,25375.0,2403049373.046875,2.3890329379920017,2.369326562915915,False
2025-01-11,94700.8359375,94977.6875,93840.046875,94566.59375,94566.59375,18860894100.0,1.0,,False,25375.0,2399627316.40625,-0.14250624978636736,-0.14250624978636736,True
2025-01-12,94565.7265625,95367.5390625,93712.5078125,94488.4375,94488.4375,20885130965.0,1.0,,False,25375.0,2397644101.5625,-0.08268095689983133,-0.08268095689983133,True
2025-01-13,94488.890625,95837.0,89260.1015625,94516.5234375,94516.5234375,72978998252.0,1.0,25360.0,True,25360.0,2396939034.375,-0.029410990386116925,0.0297197889065057,False
2025-01-14,94519.0078125,97352.6640625,94322.15625,96534.046875,96534.046875,53769675818.0,1.0,25390.0,True,25390.0,2450999450.15625,2.230335921912132,2.1121093071559582,False
2025-01-15,96534.046875,100697.234375,96501.640625,100504.4921875,100504.4921875,57805923627.0,1.0,25380.0,True,25380.0,2550804011.71875,3.991272797588149,4.030666140622702,False
2025-01-16,100505.296875,100781.5859375,97364.4453125,99756.90625,99756.90625,54103781805.0,1.0,25375.0,True,25375.0,2531331496.09375,-0.7663160845289704,-0.7466135920999606,False
2025-01-17,100025.765625,105884.2265625,99948.90625,104462.0390625,104462.0390625,71888972663.0,1.0,25370.0,True,25370.0,2650201931.015625,4.589039013619689,4.608745388695783,False
2025-01-18,104124.953125,104913.203125,102226.6171875,104408.0703125,104408.0703125,50445655726.0,1.0,,False,25370.0,2648832743.828125,-0.05167685444558994,-0.05167685444558994,True
2025-01-19,104411.2890625,106299.796875,99570.53125,101089.609375,101089.609375,76789928525.0,1.0,,False,25370.0,2564643389.84375,-3.2299629277246487,-3.2299629277246487,True
2025-01-20,101083.75,109114.8828125,99471.359375,102016.6640625,102016.6640625,126279678351.0,1.0,25300.0,True,25300.0,2581021600.78125,0.6365850196850187,0.9128828074566007,False
2025-01-21,102052.578125,107180.921875,100103.953125,106146.265625,106146.265625,88733878242.0,1.0,25315.0,True,25315.0,2687092714.296875,4.027454394716077,3.9681834258762914,False
2025-01-22,106136.3828125,106294.34375,103360.265625,103653.0703125,103653.0703125,53878181052.0,1.0,25260.0,True,25260.0,2618276556.09375,-2.594353549256972,-2.376854699304226,False
2025-01-23,103657.671875,106820.328125,101257.8046875,103960.171875,103960.171875,104104515428.0,1.0,25050.0,True,25050.0,2604202305.46875,-0.5389886707255406,0.2958402684215798,False
2025-01-24,103965.671875,107098.546875,102772.125,104819.484375,104819.484375,52388229265.0,1.0,25080.0,True,25080.0,2628872668.125,0.9428699396627429,0.8231811162781291,False
2025-01-25,104824.03125,105243.7890625,104120.375,104714.6484375,104714.6484375,23888996502.0,1.0,,False,25080.0,2626243382.8125,-0.10006574570037008,-0.10006574570037008,True
2025-01-26,104713.2109375,105438.6484375,102507.7109375,102682.5,102682.5,22543395879.0,1.0,,False,25080.0,2575277100.0,-1.9597313563924394,-1.9597313563924394,True
2025-01-27,102680.3046875,103214.109375,97795.9375,102087.6875,102087.6875,89006608428.0,1.0,25060.0,True,25060.0,2558317448.75,-0.6607344148245827,-0.5809577851448121,False
2025-01-28,102095.4140625,103730.8203125,100238.1875,101332.4765625,101332.4765625,47180685494.0,1.0,25060.0,True,25060.0,2539391862.65625,-0.7425167615395996,-0.7425167615395996,False
2025-01-29,101317.5234375,104750.8046875,101283.8203125,103703.2109375,103703.2109375,47432049818.0,1.0,25060.0,True,25060.0,2598802466.09375,2.31261207465303,2.31261207465303,False
2025-01-30,103709.3359375,106418.765625,103321.6484375,104735.3046875,104735.3046875,41915744521.0,1.0,25060.0,True,25060.0,2624666735.46875,0.9903181107726793,0.9903181107726793,False
2025-01-31,104737.5625,106026.3515625,101543.8828125,102405.0234375,102405.0234375,45732764360.0,1.0,25060.0,True,25060.0,2566269887.34375,-2.2500491172309003,-2.2500491172309003,False
2025-02-01,102402.796875,102755.7265625,100297.7109375,100655.90625,100655.90625,27757944848.0,1.0,,False,25060.0,2522437010.625,-1.7227936971828708,-1.7227936971828708,True
2025-02-02,100661.5390625,101430.6640625,96216.078125,97688.9765625,97688.9765625,63091816853.0,1.0,,False,25060.0,2448085752.65625,-2.9919108206548826,-2.9919108206548826,True
2025-02-03,97681.1015625,102514.171875,91242.890625,101405.421875,101405.421875,115400897748.0,1.0,25060.0,True,25060.0,2541219872.1875,3.7337836664646873,3.7337836664646873,False
2025-02-04,101398.71875,101745.6171875,96208.109375,97871.8203125,97871.8203125,73002130211.0,1.0,25280.0,True,25280.0,2474199617.5,-2.6727273529884936,-3.546789334061943,False
2025-02-05,97878.0078125,99113.2109375,96174.828125,96615.4453125,96615.4453125,49125911241.0,1.0,25280.0,True,25280.0,2442438457.5,-1.2920048753753386,-1.2920048753753386,False
2025-02-06,96610.640625,99168.609375,95707.3515625,96593.296875,96593.296875,45302471947.0,1.0,25145.0,True,25145.0,2428838449.921875,-0.5583769172725112,-0.022926951799646017,False
2025-02-07,96581.3203125,100154.140625,95653.8828125,96529.0859375,96529.0859375,55741290456.0,1.0,25260.0,True,25260.0,2438324710.78125,0.38980706247552244,-0.06649766736617645,False
2025-02-08,96533.2578125,96877.8046875,95702.4921875,96482.453125,96482.453125,22447526395.0,1.0,,False,25260.0,2437146765.9375,-0.04832126994466366,-0.04832126994466366,True
2025-02-09,96481.3125,97325.28125,94745.2578125,96500.09375,96500.09375,27732901800.0,1.0,,False,25260.0,2437592368.125,0.018282093727943365,0.018282093727943365,True
2025-02-10,96499.4609375,98333.21875,95320.84375,97437.5546875,97437.5546875,40078962391.0,1.0,25290.0,True,25290.0,2464195758.046875,1.0854671987523643,0.9667728227994937,False
2025-02-11,97438.1328125,98492.8984375,94875.0390625,95747.4296875,95747.4296875,37488783272.0,1.0,25380.0,True,25380.0,2430069765.46875,-1.3945522765015266,-1.749792436938306,False
2025-02-12,95745.6953125,98151.0234375,94101.203125,97885.859375,97885.859375,49340445530.0,1.0,25530.0,True,25530.0,2499025989.84375,2.798108488649829,2.2088315919347465,False
2025-02-13,97888.75,98111.0859375,95269.7109375,96623.8671875,96623.8671875,37147280860.0,1.0,25550.0,True,25550.0,2468739806.640625,-1.219323119319909,-1.2976316589520154,False
2025-02-14,96623.3671875,98819.46875,96342.8046875,97508.96875,97508.96875,32697987277.0,1.0,25440.0,True,25440.0,2480628165.0,0.4803999739437302,0.9118577917229297,False
2025-02-15,97508.3828125,97975.0390625,97240.1953125,97580.3515625,97580.3515625,17047266288.0,1.0,,False,25440.0,2482444143.75,0.07317962415499839,0.07317962415499839,True
2025-02-16,97580.4921875,97725.59375,96060.9765625,96175.03125,96175.03125,16536755396.0,1.0,,False,25440.0,2446692795.0,-1.4506383627455663,-1.4506383627455663,True
2025-02-17,96179.0078125,97032.234375,95243.546875,95773.3828125,95773.3828125,27336550690.0,1.0,25370.0,True,25370.0,2429770721.953125,-0.6940333261393178,-0.41849684006622395,False
2025-02-18,95773.8125,96695.375,93388.8359375,95539.546875,95539.546875,37325720482.0,1.0,25470.0,True,25470.0,2433392258.90625,0.14893753866904214,-0.2444539993484723,False
2025-02-19,95532.53125,96855.59375,95011.96875,96635.609375,96635.609375,28990872862.0,1.0,25500.0,True,25500.0,2464208039.0625,1.258419836293968,1.140703518992484,False
2025-02-20,96632.6796875,98767.1953125,96442.671875,98333.9375,98333.9375,31668022771.0,1.0,25515.0,True,25515.0,2508990415.3125,1.8009973709586777,1.7421911358032411,False
2025-02-21,98340.671875,99497.96875,94852.9609375,96125.546875,96125.546875,49608706470.0,1.0,25500.0,True,25500.0,2451201445.3125,-2.3302157055799766,-2.271409470424543,False
2025-02-22,96134.203125,96950.15625,95765.34375,96577.7578125,96577.7578125,18353824477.0,1.0,,False,25500.0,2462732824.21875,0.46933473021967204,0.46933473021967204,True
2025-02-23,96577.8046875,96671.875,95270.453125,96273.921875,96273.921875,16999478976.0,1.0,,False,25500.0,2454985007.8125,-0.3150983070341726,-0.3150983070341726,True
2025-02-24,96277.9609375,96503.453125,91371.7421875,91418.171875,91418.171875,44046480529.0,1.0,25510.0,True,25510.0,2332077564.53125,-5.13611255471517,-5.175320553649131,False
2025-02-25,91437.1171875,92511.078125,86008.234375,88736.171875,88736.171875,92139104128.0,1.0,25468.0,True,25468.0,2259932825.3125,-3.1424439353938314,-2.9776669354997205,False
2025-02-26,88638.890625,89286.25,82131.8984375,84347.0234375,84347.0234375,64597492134.0,1.0,25520.0,True,25520.0,2152536038.125,-4.868838989916064,-5.07280862209709,False
2025-02-27,84076.859375,87000.78125,83144.9609375,84704.2265625,84704.2265625,52659591954.0,1.0,25535.0,True,25535.0,2162922425.2734375,0.48135822839690257,0.42259806609508904,False
2025-02-28,84705.625,85036.3203125,78248.9140625,84373.0078125,84373.0078125,83610570576.0,1.0,25520.0,True,25520.0,2153199159.375,-0.45055646169152064,-0.3917962993897036,False
2025-03-01,84373.8671875,86522.3046875,83794.234375,86031.9140625,86031.9140625,29190628396.0,1.0,,False,25520.0,2195534446.875,1.9470783362415744,1.9470783362415744,True
2025-03-02,86036.2578125,95043.4375,85040.2109375,94248.3515625,94248.3515625,58398341092.0,1.0,,False,25520.0,2405217931.875,9.121501495686516,9.121501495686516,True
2025-03-03,94248.421875,94429.75,85081.3046875,86065.671875,86065.671875,70072228536.0,1.0,25530.0,True,25530.0,2197256602.96875,-9.043093205265277,-9.08227048294561,False
2025-03-04,86064.0703125,88911.2734375,81529.2421875,87222.1953125,87222.1953125,68095241474.0,1.0,25575.0,True,25575.0,2230707645.1171875,1.5109281218670059,1.3348200634372371,False
2025-03-05,87222.953125,90998.2421875,86379.7734375,90623.5625,90623.5625,50498988027.0,1.0,25540.0,True,25540.0,2314525786.25,3.6885957819739197,3.825541905303624,False
2025-03-06,90622.359375,92804.9375,87852.140625,89961.7265625,89961.7265625,47749810486.0,1.0,25490.0,True,25490.0,2293124410.078125,-0.9289563731694962,-0.7329931515325766,False
2025-03-07,89963.28125,91191.046875,84717.6796875,86742.671875,86742.671875,65945677657.0,1.0,25485.0,True,25485.0,2210636992.734375,-3.663455286532929,-3.64383782693103,False
2025-03-08,86742.65625,86847.265625,85247.484375,86154.59375,86154.59375,18206118081.0,1.0,,False,25485.0,2195649821.71875,-0.6802656950121628,-0.6802656950121628,True
2025-03-09,86154.3046875,86471.1328125,80052.484375,80601.0390625,80601.0390625,30899345977.0,1.0,,False,25485.0,2054117480.5078125,-6.6631743221532185,-6.6631743221532185,True
2025-03-10,80597.1484375,83955.9296875,77420.59375,78532.0,78532.0,54061099422.0,1.0,25480.0,True,25480.0,2000995360.0,-2.620156907531934,-2.6005355987276975,False
2025-03-11,78523.875,83577.7578125,76624.25,82862.2109375,82862.2109375,54702837196.0,1.0,25525.0,True,25525.0,2115057934.1796875,5.543746741189138,5.3672934065124736,False
2025-03-12,82857.375,84358.578125,80635.25,83722.359375,83722.359375,40353484454.0,1.0,25450.0,True,25450.0,2130734046.09375,0.7384338761617868,1.0326959815815329,False
2025-03-13,83724.921875,84301.6953125,79931.8515625,81066.703125,81066.703125,31412940153.0,1.0,25445.0,True,25445.0,2062742261.015625,-3.243025071664724,-3.223376776091148,False
2025-03-14,81066.9921875,85263.2890625,80797.5625,83969.1015625,83969.1015625,29588112414.0,1.0,25490.0,True,25490.0,2140372398.828125,3.6943539823152562,3.517658147592443,False
2025-03-15,83968.40625,84672.671875,83639.59375,84343.109375,84343.109375,13650491277.0,1.0,,False,25490.0,2149905857.96875,0.444422215127116,0.444422215127116,True
2025-03-16,84333.3203125,85051.6015625,82017.90625,82579.6875,82579.6875,21330270174.0,1.0,,False,25490.0,2104956234.375,-2.1129378542194646,-2.1129378542194646,True
2025-03-17,82576.3359375,84725.328125,82492.15625,84075.6875,84075.6875,25092785558.0,1.0,25500.0,True,25500.0,2143930031.25,1.8345932350441845,1.7953698574085317,False
2025-03-18,84075.71875,84075.71875,81179.9921875,82718.5,82718.5,24095774594.0,1.0,25510.0,True,25510.0,2110148935.0,-1.588207769285481,-1.6274157682194461,False
2025-03-19,82718.8046875,87021.1875,82569.7265625,86854.2265625,86854.2265625,34931960257.0,1.0,25510.0,True,25510.0,2215651319.609375,4.8787879453061045,4.8787879453061045,False
2025-03-20,86872.953125,87443.265625,83647.1953125,84167.1953125,84167.1953125,29028988961.0,1.0,25535.0,True,25535.0,2149209332.3046875,-3.044638767242343,-3.1425915618310603,False
2025-03-21,84164.5390625,84782.2734375,83171.0703125,84043.2421875,84043.2421875,19030452299.0,1.0,25545.0,True,25545.0,2146884621.6796875,-0.10822439531359818,-0.14737866362900665,False
2025-03-22,84046.2578125,84513.875,83674.78125,83832.484375,83832.484375,9863214091.0,1.0,,False,25545.0,2141500813.359375,-0.25108802510379663,-0.25108802510379663,True
2025-03-23,83831.8984375,86094.78125,83794.9140625,86054.375,86054.375,12594615537.0,1.0,,False,25545.0,2198259009.375,2.615878981767563,2.615878981767563,True
2025-03-24,86070.9296875,88758.7265625,85541.1953125,87498.9140625,87498.9140625,34582604933.0,1.0,25585.0,True,25585.0,2238659716.2890625,1.8211658148041834,1.6647018673748026,False
2025-03-25,87512.8203125,88542.3984375,86346.078125,87471.703125,87471.703125,30005840049.0,1.0,25620.0,True,25620.0,2241025034.0625,0.10560198429429137,-0.031103436859010326,False
2025-03-26,87460.234375,88292.15625,85861.453125,86900.8828125,86900.8828125,26704046038.0,1.0,25600.0,True,25600.0,2224662600.0,-0.732810201994054,-0.6547157036869115,False
2025-03-27,86896.2578125,87786.7265625,85837.9375,87177.1015625,87177.1015625,24413471941.0,1.0,25555.0,True,25555.0,2227810830.4296875,0.1414149237962367,0.3173508503236142,False
2025-03-28,87185.234375,87489.859375,83557.640625,84353.1484375,84353.1484375,34198619509.0,1.0,25560.0,True,25560.0,2156066474.0625,-3.2733928211237955,-3.2929565500329083,False
2025-03-29,84352.0703125,84567.3359375,81634.140625,82597.5859375,82597.5859375,16969396135.0,1.0,,False,25560.0,2111194296.5625,-2.1031680008127642,-2.1031680008127642,True
2025-03-30,82596.984375,83505.0,81573.25,82334.5234375,82334.5234375,14763760943.0,1.0,,False,25560.0,2104470419.0625,-0.31899515997126565,-0.31899515997126565,True
2025-03-31,82336.0625,83870.125,81293.890625,82548.9140625,82548.9140625,29004228247.0,1.0,25550.0,True,25550.0,2109124754.296875,0.2209199951995347,0.2600512811616096,False
2025-04-01,82551.921875,85487.3671875,82429.359375,85169.171875,85169.171875,28175650319.0,1.0,25565.0,True,25565.0,2177349878.984375,3.1835432413817575,3.1248520531568382,False
2025-04-02,85180.609375,88466.953125,82343.5390625,82485.7109375,82485.7109375,47584398470.0,1.0,25620.0,True,25620.0,2113283914.21875,-2.98653903863596,-3.2014458322985253,False
2025-04-03,82487.4765625,83909.296875,81282.1015625,83102.828125,83102.828125,36852112080.0,1.0,25600.0,True,25600.0,2127432400.0,0.6672711508969621,0.7453656492041082,False
2025-04-04,83100.25,84696.1484375,81670.75,83843.8046875,83843.8046875,45157640207.0,1.0,25600.0,True,25600.0,2146401400.0,0.8876865806506007,0.8876865806506007,False
2025-04-05,83844.703125,84207.015625,82377.734375,83504.796875,83504.796875,14380803631.0,1.0,,False,25600.0,2137722800.0,-0.4051522069073574,-0.4051522069073574,True
2025-04-06,83504.5078125,83704.71875,77097.7421875,78214.484375,78214.484375,36294853736.0,1.0,,False,25600.0,2002290800.0,-6.544922522509501,-6.544922522509501,True
2025-04-07,78221.3359375,81119.0625,74436.6796875,79235.3359375,79235.3359375,91262424987.0,1.0,25770.0,True,25770.0,2041894607.109375,1.9586180739555066,1.2967507560798075,False
2025-04-08,79218.4765625,80823.890625,76198.0234375,76271.953125,76271.953125,48314590749.0,1.0,25780.0,True,25780.0,1966290951.5625,-3.7729103414982075,-3.811707626174969,False
2025-04-09,76273.5625,83541.0,74589.671875,82573.953125,82573.953125,84213627038.0,1.0,25995.0,True,25995.0,2146509911.484375,8.769422376701884,7.9389009442381075,False
2025-04-10,82565.9765625,82700.9296875,78456.1328125,79626.140625,79626.140625,44718000633.0,1.0,25960.0,True,25960.0,2067094610.625,-3.7699174577194383,-3.6351854577404503,False
2025-04-11,79625.046875,84247.4765625,78936.3203125,83404.8359375,83404.8359375,41656778779.0,1.0,25720.0,True,25720.0,2145172380.3125,3.7075861328804,4.636385379527455,False
2025-04-12,83404.515625,85856.1875,82769.375,85287.109375,85287.109375,24258059104.0,1.0,,False,25720.0,2193584453.125,2.231702948856747,2.231702948856747,True
2025-04-13,85279.46875,86015.1875,83027.0078125,83684.9765625,83684.9765625,28796984817.0,1.0,,False,25720.0,2152377597.1875,-1.8963852136872177,-1.8963852136872177,True
2025-04-14,83694.5234375,85785.0,83690.640625,84542.390625,84542.390625,34090769777.0,1.0,25715.0,True,25715.0,2174007574.921875,0.9999182732905852,1.0193602875445014,False
2025-04-15,84539.6953125,86429.3515625,83598.8203125,83668.9921875,83668.9921875,28040322885.0,1.0,25824.0,True,25824.0,2160668054.25,-0.6154814765116159,-1.0384627625774925,False
2025-04-16,83674.5078125,85428.28125,83100.6171875,84033.8671875,84033.8671875,29617804112.0,1.0,25790.0,True,25790.0,2167233434.765625,0.30339810499401937,0.43514532442251164,False
2025-04-17,84030.671875,85449.0703125,83749.75,84895.75,84895.75,21276866029.0,1.0,25830.0,True,25830.0,2192857222.5,1.175392199464959,1.0204134780153822,False
2025-04-18,84900.1875,85095.046875,84298.8828125,84450.8046875,84450.8046875,12728372364.0,1.0,,False,25830.0,2181364285.078125,-0.5254861395886236,-0.5254861395886236,True
2025-04-19,84450.8671875,85597.703125,84353.4609375,85063.4140625,85063.4140625,15259300427.0,1.0,,False,25830.0,2197187985.234375,0.7227854353502602,0.7227854353502602,True
2025-04-20,85066.0703125,85306.3828125,83976.84375,85174.3046875,85174.3046875,14664050812.0,1.0,,False,25830.0,2200052290.078125,0.13027740444132618,0.13027740444132618,True
2025-04-21,85171.5390625,88460.09375,85143.8359375,87518.90625,87518.90625,41396190190.0,1.0,,False,25830.0,2260613348.4375,2.715504127854292,2.715504127854292,True
2025-04-22,87521.875,93817.3828125,87084.53125,93441.890625,93441.890625,55899038456.0,1.0,25871.0,True,25871.0,2417435152.359375,6.707095415113063,6.548491099549585,False
2025-04-23,93427.5859375,94535.734375,91962.9609375,93699.109375,93699.109375,41719568821.0,1.0,25932.0,True,25932.0,2429805304.3125,0.5104008731631156,0.274893168226587,False
2025-04-24,93692.3984375,94016.1953125,91696.7109375,93943.796875,93943.796875,31483175315.0,1.0,25965.0,True,25965.0,2439250685.859375,0.3879763721772787,0.2608013738239919,False
2025-04-25,93954.25,95768.390625,92898.59375,94720.5,94720.5,40915232364.0,1.0,26026.0,True,26026.0,2465195733.0,1.0580313028190078,0.8233751969906926,False
2025-04-26,94714.6484375,95251.359375,93927.25,94646.9296875,94646.9296875,17612825123.0,1.0,,False,26026.0,2463280992.046875,-0.07770112983303527,-0.07770112983303527,True
2025-04-27,94660.90625,95301.203125,93665.3984375,93754.84375,93754.84375,18090367764.0,1.0,,False,26026.0,2440063563.4375,-0.9470108357138425,-0.9470108357138425,True
2025-04-28,93755.3046875,95598.4921875,92860.8046875,94978.75,94978.75,32363449569.0,1.0,26019.0,True,26019.0,2471252096.25,1.2700854202322414,1.2969852186459676,False
2025-04-29,94981.859375,95485.4140625,93796.6328125,94284.7890625,94284.7890625,25806129921.0,1.0,25970.0,True,25970.0,2448575971.953125,-0.9218324121215945,-0.7333309425444723,False
2025-04-30,94286.46875,95249.3203125,92979.640625,94207.3125,94207.3125,28344679831.0,1.0,25980.0,True,25980.0,2447505978.75,-0.04370814177265263,-0.08220669855229902,False
2025-05-01,94212.859375,97437.9609375,94153.6328125,96492.3359375,96492.3359375,32875889623.0,1.0,25980.0,True,25980.0,2506870887.65625,2.396577889618816,2.396577889618816,False
2025-05-02,96494.96875,97905.8984375,96375.9453125,96910.0703125,96910.0703125,26421924677.0,1.0,25980.0,True,25980.0,2517723626.71875,0.43198534363241065,0.43198534363241065,False
2025-05-03,96904.6328125,96943.8828125,95821.2890625,95891.796875,95891.796875,15775154889.0,1.0,,False,25980.0,2491268882.8125,-1.0562998380901132,-1.0562998380901132,True
2025-05-04,95877.1875,96318.921875,94173.4296875,94315.9765625,94315.9765625,18198688416.0,1.0,,False,25980.0,2450329071.09375,-1.6569841900567834,-1.6569841900567834,True
2025-05-05,94319.5625,95193.1875,93566.265625,94748.0546875,94748.0546875,25816260327.0,1.0,25980.0,True,25980.0,2461554460.78125,0.4570714740087168,0.4570714740087168,False
2025-05-06,94748.3828125,96889.1796875,93399.859375,96802.4765625,96802.4765625,26551275827.0,1.0,25942.0,True,25942.0,2511249846.984375,1.998753120549983,2.145126552947202,False
2025-05-07,96800.1953125,97625.8046875,95829.3359375,97032.3203125,97032.3203125,76983822462.0,1.0,25948.0,True,25948.0,2517794647.46875,0.26028022565516873,0.23715438242239512,False
2025-05-08,97034.25,103969.5390625,96913.875,103241.4609375,103241.4609375,69895404397.0,1.0,25953.0,True,25953.0,2679425635.7109375,6.2219078049283425,6.2026403533745516,False
2025-05-09,103239.125,104297.4921875,102343.09375,102970.8515625,102970.8515625,58198593958.0,1.0,25959.0,True,25959.0,2673020335.7109375,-0.23934115699200806,-0.2624571996284568,False
2025-05-10,102973.7109375,104961.765625,102830.484375,104696.328125,104696.328125,42276713994.0,1.0,,False,25959.0,2717811981.796875,1.6618093181868365,1.6618093181868365,True
2025-05-11,104701.0703125,104937.9921875,103364.7421875,104106.359375,104106.359375,46285517406.0,1.0,,False,25959.0,2702496983.015625,-0.5650983970075977,-0.5650983970075977,True
2025-05-12,104106.9609375,105747.453125,100814.40625,102812.953125,102812.953125,63250475404.0,1.0,25952.0,True,25952.0,2668201759.5,-1.2771406966979677,-1.2501714607270615,False
2025-05-13,102812.4921875,104997.421875,101515.09375,104169.8125,104169.8125,52608876410.0,1.0,25960.0,True,25960.0,2704248332.5,1.3419245710410814,1.3111031807523907,False
2025-05-14,104167.328125,104303.5625,102618.296875,103539.4140625,103539.4140625,45956071155.0,1.0,25951.0,True,25951.0,2686951334.3359375,-0.6416774960404921,-0.6070027639406428,False
2025-05-15,103538.828125,104153.6171875,101440.8125,103744.640625,103744.640625,50408241840.0,1.0,25924.0,True,25924.0,2689476063.5625,0.09391847877017964,0.19801487371228355,False
2025-05-16,103735.65625,104533.484375,103137.4765625,103489.2890625,103489.2890625,44386499364.0,1.0,25920.0,True,25920.0,2682442372.5,-0.2618690200046645,-0.2464381118651062,False
2025-05-17,103489.2890625,103716.9453125,102659.1796875,103191.0859375,103191.0859375,37898552742.0,1.0,,False,25920.0,2674712947.5,-0.28856472892223484,-0.28856472892223484,True
2025-05-18,103186.953125,106597.171875,103142.6015625,106446.0078125,106446.0078125,49887082058.0,1.0,,False,25920.0,2759080522.5,3.1055414958406478,3.1055414958406478,True
2025-05-19,106430.53125,107068.71875,102112.6875,105606.1796875,105606.1796875,61761126647.0,1.0,25917.0,True,25917.0,2736995358.9609375,-0.8036745811863755,-0.7920998372646527,False
2025-05-20,105605.40625,107307.1171875,104206.515625,106791.0859375,106791.0859375,36515726122.0,1.0,25932.0,True,25932.0,2769306440.53125,1.173617197796919,1.1157568710076757,False
2025-05-21,106791.3125,110724.4609375,106127.234375,109678.078125,109678.078125,78086364051.0,1.0,25950.0,True,25950.0,2846146127.34375,2.736893679602452,2.6675054496876065,False
2025-05-22,109673.4921875,111970.171875,109285.0703125,111673.28125,111673.28125,70157575642.0,1.0,25950.0,True,25950.0,2897921648.4375,1.802796394236439,1.802796394236439,False
2025-05-23,111679.359375,111798.90625,106841.3046875,107287.796875,107287.796875,67548133399.0,1.0,25973.0,True,25973.0,2786585948.234375,-3.91766350426392,-4.006256233899459,False
2025-05-24,107278.5078125,109454.5234375,106895.2890625,107791.15625,107791.15625,45903627163.0,1.0,,False,25973.0,2799659701.28125,0.4680702474076876,0.4680702474076876,True
2025-05-25,107802.2734375,109313.3046875,106683.375,109035.390625,109035.390625,47518041841.0,1.0,,False,25973.0,2831976200.703125,1.1476897551184373,1.1476897551184373,True
2025-05-26,109023.78125,110376.8828125,108735.640625,109440.3671875,109440.3671875,45950461571.0,1.0,25946.0,True,25946.0,2839539767.046875,0.26672130945972433,0.3707294854029425,False
2025-05-27,109440.40625,110744.2109375,107609.5546875,108994.640625,108994.640625,57450176272.0,1.0,25897.0,True,25897.0,2822634208.265625,-0.5971419843188603,-0.408109657520394,False
2025-05-28,108992.171875,109298.2890625,106812.9296875,107802.328125,107802.328125,49155377493.0,1.0,25903.0,True,25903.0,2792403705.421875,-1.0767797261095855,-1.0999457493792042,False
2025-05-29,107795.5703125,108910.046875,105374.3984375,105641.7578125,105641.7578125,56022752042.0,1.0,25950.0,True,25950.0,2741403615.234375,-1.8432710510889196,-2.0245528009254556,False
2025-05-30,105646.2109375,106308.9453125,103685.7890625,103998.5703125,103998.5703125,57655287183.0,1.0,25996.0,True,25996.0,2703546833.84375,-1.390550446740697,-1.5676574887611796,False
2025-05-31,103994.71875,104927.1015625,103136.1171875,104638.09375,104638.09375,38997843858.0,1.0,,False,25996.0,2720171885.125,0.6130518270315466,0.6130518270315466,True
2025-06-01,104637.296875,105884.546875,103826.953125,105652.1015625,105652.1015625,37397056873.0,1.0,,False,25996.0,2746532032.21875,0.9643965283822334,0.9643965283822334,True
2025-06-02,105649.8125,105958.3125,103727.546875,105881.53125,105881.53125,45819706290.0,1.0,26019.0,True,26019.0,2754931561.59375,0.3053564113759743,0.21692037754339633,False
2025-06-03,105888.4765625,106813.578125,104920.84375,105432.46875,105432.46875,46196508367.0,1.0,26022.0,True,26022.0,2743563701.8125,-0.4134904345074419,-0.42501980559301383,False
2025-06-04,105434.3671875,105997.6953125,104232.703125,104731.984375,104731.984375,44544857105.0,1.0,26038.0,True,26038.0,2727011409.15625,-0.6051408794109318,-0.6666084188030525,False
2025-06-05,104750.78125,105936.6875,100436.8828125,101575.953125,101575.953125,57479298400.0,1.0,26071.0,True,26071.0,2648186673.921875,-2.933115584628534,-3.0597731847037197,False
2025-06-06,101574.3671875,105376.7734375,101169.5703125,104390.34375,104390.34375,48856653697.0,1.0,26056.0,True,26056.0,2719994796.75,2.6754835562434023,2.733035306445883,False
2025-06-07,104390.6484375,105972.7578125,103987.3125,105615.625,105615.625,38365033776.0,1.0,,False,26056.0,2751920725.0,1.1669145986995246,1.1669145986995246,True
2025-06-08,105617.5078125,106497.0625,105075.328125,105793.6484375,105793.6484375,36626232328.0,1.0,,False,26056.0,2756559303.6875,0.16841596083658347,0.16841596083658347,True
2025-06-09,105793.0234375,110561.421875,105400.234375,110294.1015625,110294.1015625,55903193732.0,1.0,26047.0,True,26047.0,2872830463.3984375,4.13144950107343,4.165996456486783,False
2025-06-10,110295.6875,110380.125,108367.7109375,110257.234375,110257.234375,54700101509.0,1.0,26025.0,True,26025.0,2869444524.609375,-0.11793023456908915,-0.03343184269246601,False
2025-06-11,110261.796875,110384.21875,108086.328125,108686.625,108686.625,50842662052.0,1.0,25990.0,True,25990.0,2824765383.75,-1.569315445735992,-1.434738860972619,False
2025-06-12,108685.9140625,108780.6953125,105785.6875,105929.0546875,105929.0546875,54843867968.0,1.0,26010.0,True,26010.0,2755214712.421875,-2.4929936038170633,-2.569916684533185,False
2025-06-13,105924.59375,106182.546875,102822.0234375,106090.96875,106090.96875,69550440846.0,1.0,26020.0,True,26020.0,2760487006.875,0.1911740818189742,0.15273471943905204,False
2025-06-14,106108.0859375,106203.7578125,104379.3671875,105472.40625,105472.40625,38007870453.0,1.0,,False,26020.0,2744392010.625,-0.5847555254663668,-0.5847555254663668,True
2025-06-15,105464.84375,106157.1015625,104519.8828125,105552.0234375,105552.0234375,36744307742.0,1.0,,False,26020.0,2746463649.84375,0.07545779547483325,0.07545779547483325,True
2025-06-16,105555.59375,108915.375,104997.625,106796.7578125,106796.7578125,50366626945.0,1.0,26050.0,True,26050.0,2782055541.015625,1.2875919092006158,1.1723623976989297,False
2025-06-17,106794.1171875,107750.1953125,103396.53125,104601.1171875,104601.1171875,55964092176.0,1.0,26030.0,True,26030.0,2722767080.390625,-2.1541385554715595,-2.077333636181369,False
2025-06-18,104602.0703125,105581.8515625,103602.265625,104883.328125,104883.328125,47318089133.0,1.0,26072.0,True,26072.0,2734518130.875,0.4306562032648267,0.26943395038619067,False
2025-06-19,104886.7734375,105250.890625,103940.7734375,104684.2890625,104684.2890625,37333806920.0,1.0,26092.0,True,26092.0,2731422470.21875,-0.11327093406818427,-0.18995217392710328,False
2025-06-20,104681.03125,106539.3828125,102372.2109375,103309.6015625,103309.6015625,50951862476.0,1.0,26123.0,True,26123.0,2698756721.6171875,-1.2031331374222531,-1.321872977093919,False
2025-06-21,103315.078125,104015.78125,100973.0625,102257.40625,102257.40625,38360555118.0,1.0,,False,26123.0,2671270223.46875,-1.0237095073649534,-1.0237095073649534,True
2025-06-22,102212.03125,103351.6328125,98286.203125,100987.140625,100987.140625,65536997201.0,1.0,,False,26123.0,2638087074.546875,-1.2500036871865046,-1.2500036871865046,True
2025-06-23,100987.4765625,106116.859375,99705.75,105577.7734375,105577.7734375,65237759656.0,1.0,26119.0,True,26119.0,2757585864.4140625,4.430154862165514,4.44546821160779,False
2025-06-24,105571.515625,106316.828125,104740.2421875,106045.6328125,106045.6328125,48822986421.0,1.0,26190.0,True,26190.0,2777335123.359375,0.7136269082064364,0.4421629398587352,False
2025-06-25,106047.40625,108168.3984375,105881.390625,107361.2578125,107361.2578125,51624120283.0,1.0,26150.0,True,26150.0,2807496891.796875,1.0801421279864036,1.2329889288552447,False
2025-06-26,107375.0703125,108305.546875,106666.3515625,106960.0,106960.0,43891990613.0,1.0,26150.0,True,26150.0,2797004000.0,-0.374445620028651,-0.374445620028651,False
2025-06-27,106954.921875,107772.46875,106449.9921875,107088.4296875,107088.4296875,45353692675.0,1.0,26100.0,True,26100.0,2795008014.84375,-0.07138701546836458,0.12000060276006601,False
2025-06-28,107090.546875,107567.8828125,106883.9765625,107327.703125,107327.703125,30037708335.0,1.0,,False,26100.0,2801253051.5625,0.2231861322037002,0.2231861322037002,True
2025-06-29,107327.8203125,108526.3046875,107230.109375,108385.5703125,108385.5703125,35534874438.0,1.0,,False,26100.0,2828863385.15625,0.9808164803266641,0.9808164803266641,True
2025-06-30,108383.4375,108798.7890625,106759.6484375,107135.3359375,107135.3359375,42064804590.0,1.0,26090.0,True,26090.0,2795160914.609375,-1.1985323032215622,-1.1602107852204921,False
2025-07-01,107144.3828125,107550.6796875,105270.2265625,105698.28125,105698.28125,44110692247.0,1.0,26118.0,True,26118.0,2760627709.6875,-1.2431592344152556,-1.350422499373105,False
2025-07-02,105703.1015625,109763.65625,105157.3984375,108859.3203125,108859.3203125,56248657737.0,1.0,26110.0,True,26110.0,2842316853.359375,2.916142811417913,2.946777720135706,False
2025-07-03,108845.015625,110541.4609375,108605.796875,109647.9765625,109647.9765625,50494742270.0,1.0,26150.0,True,26150.0,2867294587.109375,0.8749419589137611,0.7218611789243166,False
2025-07-04,109635.65625,109751.984375,107296.3828125,108034.3359375,108034.3359375,42616442656.0,1.0,26175.0,True,26175.0,2827798743.1640625,-1.3870352901699807,-1.4825919147368483,False
2025-07-05,108015.8359375,108381.34375,107842.2734375,108231.1796875,108231.1796875,30615537520.0,1.0,,False,26175.0,2832951128.3203125,0.18203901235928527,0.18203901235928527,True
2025-07-06,108231.1875,109731.625,107847.015625,109232.0703125,109232.0703125,36746020463.0,1.0,,False,26175.0,2859149440.4296875,0.9205212306969758,0.9205212306969758,True
2025-07-07,109235.328125,109710.25,107527.0546875,108299.8515625,108299.8515625,45415696597.0,1.0,26158.0,True,26158.0,2832907517.171875,-0.922060667211967,-0.8570920982479693,False
2025-07-08,108298.2265625,109198.96875,107499.5546875,108950.2734375,108950.2734375,44282204127.0,1.0,26120.0,True,26120.0,2845781142.1875,0.45340210889584603,0.5987787747688724,False
2025-07-09,108950.2734375,111925.375,108357.6796875,111326.5546875,111326.5546875,57927418065.0,1.0,26110.0,True,26110.0,2906736342.890625,2.119332357768918,2.1576245274881947,False
2025-07-10,111329.1953125,116608.78125,110660.75,115987.203125,115987.203125,95911605728.0,1.0,26138.0,True,26138.0,3031673515.28125,4.208386218223316,4.101205071842649,False
2025-07-11,115986.234375,118856.4765625,115245.6875,117516.9921875,117516.9921875,86928361085.0,1.0,26100.0,True,26100.0,3067193496.09375,1.1648190511102723,1.3103070357299034,False
2025-07-12,117530.7109375,118219.8984375,116977.0234375,117435.2265625,117435.2265625,45524560304.0,1.0,,False,26100.0,3065059413.28125,-0.0696019205401959,-0.0696019205401959,True
2025-07-13,117432.203125,119449.5703125,117265.4375,119116.1171875,119116.1171875,49021091807.0,1.0,,False,26100.0,3108930658.59375,1.4211873752884077,1.4211873752884077,True
2025-07-14,119115.7890625,123091.609375,118959.1953125,119849.703125,119849.703125,181746419401.0,1.0,26108.0,True,26108.0,3129036049.1875,0.644615822924797,0.613969178492453,False
2025-07-15,119853.8515625,119935.5625,115765.6875,117777.1875,117777.1875,98321661181.0,1.0,26100.0,True,26100.0,3073984593.75,-1.7750352302115504,-1.7443885857792256,False
2025-07-16,117777.1875,120065.515625,117064.8203125,118738.5078125,118738.5078125,72162029070.0,1.0,26120.0,True,26120.0,3101449824.0625,0.8895054030532374,0.8129063950949824,False
2025-07-17,118738.5078125,120999.609375,117508.21875,119289.84375,119289.84375,72363841798.0,1.0,26140.0,True,26140.0,3118236515.625,0.5397935331831201,0.46325315439855774,False
2025-07-18,119284.109375,120851.9140625,116925.984375,118003.2265625,118003.2265625,77945799785.0,1.0,26135.0,True,26135.0,3084014326.2109375,-1.1035521649176472,-1.0844225617985717,False
2025-07-19,117998.125,118541.3984375,117388.4140625,117939.9765625,117939.9765625,47564562765.0,1.0,,False,26135.0,3082361287.4609375,-0.05361459934203851,-0.05361459934203851,True
2025-07-20,117944.109375,118865.03125,116550.1328125,117300.7890625,117300.7890625,57515447231.0,1.0,,False,26135.0,3065656122.1484375,-0.543433933607363,-0.543433933607363,True
2025-07-21,117306.46875,119671.5625,116584.3984375,117439.5390625,117439.5390625,69820091744.0,1.0,26140.0,True,26140.0,3069869551.09375,0.13734535008237875,0.11821574696331473,False
2025-07-22,117426.5,120269.96875,116233.2265625,119995.4140625,119995.4140625,79217583118.0,1.0,26130.0,True,26130.0,3135480169.453125,2.114725726043207,2.1529885923986694,False
2025-07-23,119997.4453125,120113.3515625,117391.390625,118754.9609375,118754.9609375,66608604537.0,1.0,26120.0,True,26120.0,3101879579.6875,-1.0774082672313852,-1.0391307548023083,False
2025-07-24,118770.984375,119535.453125,117247.96875,118368.0,118368.0,72627318560.0,1.0,26120.0,True,26120.0,3091772160.0,-0.32638027078905846,-0.32638027078905846,False
2025-07-25,118368.0,118486.9765625,114759.8203125,117635.8828125,117635.8828125,104857024569.0,1.0,26110.0,True,26110.0,3071472900.234375,-0.6587222467534677,-0.6204300770341844,False
2025-07-26,117644.84375,118335.6875,117181.2265625,117947.3671875,117947.3671875,48508954046.0,1.0,,False,26110.0,3079605757.265625,0.2644369296284202,0.2644369296284202,True
2025-07-27,117944.7265625,119815.59375,117859.6875,119448.4921875,119448.4921875,54683390892.0,1.0,,False,26110.0,3118800131.015625,1.2646766556765232,1.2646766556765232,True
2025-07-28,119457.5234375,119819.7890625,117441.4375,117924.4765625,117924.4765625,64822943193.0,1.0,26120.0,True,26120.0,3080187327.8125,-1.245793860732916,-1.2840860304521964,False
2025-07-29,117938.5859375,119273.8671875,116987.3671875,117922.1484375,117922.1484375,68463107433.0,1.0,26165.0,True,26165.0,3085433013.8671875,0.17015927123929506,-0.001974270354787984,False
2025-07-30,117921.9921875,118780.7265625,115800.828125,117831.1875,117831.1875,68896148592.0,1.0,26195.0,True,26195.0,3086587956.5625,0.037425106438438986,-0.07716619716275346,False
2025-07-31,117833.6328125,118919.984375,115505.21875,115758.203125,115758.203125,69370346018.0,1.0,26200.0,True,26200.0,3032864921.875,-1.7558568060500837,-1.7749425967369021,False
2025-08-01,115738.953125,116060.7734375,112724.4453125,113320.0859375,113320.0859375,91294530181.0,1.0,26197.0,True,26197.0,2968646291.3046875,-2.1401636835235016,-2.1287126462378603,False
2025-08-02,113320.390625,114021.6015625,112005.765625,112526.9140625,112526.9140625,56870866000.0,1.0,,False,26197.0,2947867567.6953125,-0.702400418011523,-0.702400418011523,True
2025-08-03,112525.8046875,114747.421875,111943.8046875,114217.671875,114217.671875,48099615826.0,1.0,,False,26197.0,2992160350.109375,1.4913601071925728,1.4913601071925728,True
2025-08-04,114223.921875,115729.46875,114130.40625,115071.8828125,115071.8828125,35783028986.0,1.0,26190.0,True,26190.0,3013732610.859375,0.7183728934749016,0.7450970809323143,False
2025-08-05,115072.1875,115117.4375,112701.109375,114141.4453125,114141.4453125,61039182286.0,1.0,26174.0,True,26174.0,2987538189.609375,-0.8729680253152483,-0.8118573366820805,False
2025-08-06,114140.9140625,115737.8359375,113372.25,115028.0,115028.0,56379133510.0,1.0,26225.0,True,26225.0,3016609300.0,0.9683751979551347,0.773714933047947,False
2025-08-07,115030.0546875,117676.90625,114279.7109375,117496.8984375,117496.8984375,64051649681.0,1.0,26200.0,True,26200.0,3078418739.0625,2.0282616455822167,2.1236359971131913,False
2025-08-08,117505.5,117689.203125,115917.4609375,116688.7265625,116688.7265625,59713005166.0,1.0,26190.0,True,26190.0,3056077748.671875,-0.7283756444164136,-0.6902004196733544,False
2025-08-09,116678.2734375,117906.609375,116363.8359375,116500.359375,116500.359375,54004312429.0,1.0,,False,26190.0,3051144412.03125,-0.16155749975506004,-0.16155749975506004,True
2025-08-10,116497.71875,119320.7109375,116485.1640625,119306.7578125,119306.7578125,64755458694.0,1.0,,False,26190.0,3124643987.109375,2.380361527108938,2.380361527108938,True
2025-08-11,119306.8125,122321.09375,118159.03125,118731.4453125,118731.4453125,90528784177.0,1.0,26200.0,True,26200.0,3110763867.1875,-0.4452040082157068,-0.4833792329587668,False
2025-08-12,118717.6640625,120302.46875,118228.71875,120172.90625,120172.90625,72803657984.0,1.0,26231.0,True,26231.0,3152255503.84375,1.3249917083150629,1.206741041296172,False
2025-08-13,120168.9765625,123682.453125,118939.6328125,123344.0625,123344.0625,90904808795.0,1.0,26245.0,True,26245.0,3237164920.3125,2.657969257732472,2.604611531030144,False
2025-08-14,123339.3984375,124457.1171875,117254.8828125,118359.578125,118359.578125,104055627395.0,1.0,26265.0,True,26265.0,3108714319.453125,-4.04886835400066,-4.125044324166835,False
2025-08-15,118365.78125,119332.3125,116864.5703125,117398.3515625,117398.3515625,68665353159.0,1.0,26230.0,True,26230.0,3079358761.484375,-0.9487857625048792,-0.8154397097906272,False
2025-08-16,117398.421875,117996.0625,117271.953125,117491.3515625,117491.3515625,48036922378.0,1.0,,False,26230.0,3081798151.484375,0.0791861061786004,0.0791861061786004,True
2025-08-17,117492.7890625,118595.7734375,117279.5234375,117453.0625,117453.0625,45852169525.0,1.0,,False,26230.0,3080793829.375,-0.0325941461445338,-0.0325941461445338,True
2025-08-18,117453.90625,117614.171875,114723.6796875,116252.3125,116252.3125,72787808090.0,1.0,26240.0,True,26240.0,3050460680.0,-0.9894678750639707,-1.027584894774574,False
2025-08-19,116241.859375,116764.5,112730.3984375,112831.1796875,112831.1796875,71657600353.0,1.0,26275.0,True,26275.0,2964639246.2890625,-2.8537267518092784,-2.987022020521921,False
2025-08-20,112828.0234375,114625.796875,112387.9609375,114274.7421875,114274.7421875,67993811526.0,1.0,26290.0,True,26290.0,3004282972.109375,1.3283573585644324,1.2712851606869349,False
2025-08-21,114275.6875,114802.6484375,111986.234375,112419.03125,112419.03125,57817883700.0,1.0,26370.0,True,26370.0,2964489854.0625,-1.3333966223101184,-1.6372327846506682,False
2025-08-22,112433.734375,117377.3984375,111678.9453125,116874.0859375,116874.0859375,82528088240.0,1.0,26405.0,True,26405.0,3086060239.1796875,4.019031221847939,3.8863926424778232,False
2025-08-23,116866.3671875,116996.25,114536.109375,115374.328125,115374.328125,55377142586.0,1.0,,False,26405.0,3046459134.140625,-1.2915297318543015,-1.2915297318543015,True
2025-08-24,115387.390625,115615.0859375,111060.546875,113458.4296875,113458.4296875,73961489632.0,1.0,,False,26405.0,2995869835.8984375,-1.674535783150271,-1.674535783150271,True
2025-08-25,113456.8984375,113637.84375,109324.28125,110124.3515625,110124.3515625,85706860190.0,1.0,26300.0,True,26300.0,2896270446.09375,-3.3810762504009486,-2.9826315528831895,False
2025-08-26,110124.1015625,112397.015625,108762.0390625,111802.65625,111802.65625,69396320317.0,1.0,26300.0,True,26300.0,2940409859.375,1.512512333952803,1.512512333952803,False
2025-08-27,111795.7109375,112619.4140625,110398.265625,111222.0625,111222.0625,62137056409.0,1.0,26340.0,True,26340.0,2929589126.25,-0.36867963378532526,-0.520655346926939,False
2025-08-28,111219.0546875,113450.078125,110900.921875,112544.8046875,112544.8046875,58860155962.0,1.0,26374.0,True,26374.0,2968256678.828125,1.311262040369005,1.1822640333317675,False
2025-08-29,112550.5234375,112619.0546875,107559.625,108410.8359375,108410.8359375,77843379644.0,1.0,26360.0,True,26360.0,2857709635.3125,-3.7954326465863915,-3.742335971466304,False
2025-08-30,108409.40625,108929.3515625,107444.4453125,108808.0703125,108808.0703125,51486264208.0,1.0,,False,26360.0,2868180733.4375,0.36574608046354445,0.36574608046354445,True
2025-08-31,108818.4609375,109491.0,108104.65625,108236.7109375,108236.7109375,47986191770.0,1.0,,False,26360.0,2853119700.3125,-0.5264910692760397,-0.5264910692760397,True
2025-09-01,108228.75,109890.5859375,107271.1796875,109250.59375,109250.59375,66870372995.0,1.0,26340.0,True,26340.0,2877660639.375,0.8564658779804915,0.9323672098976381,False
2025-09-02,109243.0703125,111748.015625,108454.03125,111200.5859375,111200.5859375,74776999491.0,1.0,26340.0,True,26340.0,2929023433.59375,1.7691382281182146,1.7691382281182146,False
2025-09-03,111190.6953125,112600.2265625,110582.9609375,111723.2109375,111723.2109375,61119643565.0,1.0,26340.0,True,26340.0,2942789376.09375,0.4688830576405435,0.4688830576405435,False
2025-09-04,111718.1484375,112208.328125,109347.2265625,110723.6015625,110723.6015625,60131132901.0,1.0,26365.0,True,26365.0,2919227755.1953125,-0.8038785030470265,-0.898746169776838,False
2025-09-05,110723.015625,113357.4921875,110233.3984375,110650.984375,110650.984375,60241647677.0,1.0,26360.0,True,26360.0,2916759948.125,-0.08457204993761583,-0.06560571512495267,False
2025-09-06,110650.5703125,111275.015625,110024.0859375,110224.6953125,110224.6953125,21500719036.0,1.0,,False,26360.0,2905522968.4375,-0.38599957441809024,-0.38599957441809024,True
2025-09-07,110221.328125,111591.078125,110211.625,111167.6171875,111167.6171875,24618007520.0,1.0,,False,26360.0,2930378389.0625,0.8518160055379413,0.8518160055379413,True
2025-09-08,111163.015625,112869.234375,110630.609375,112071.4296875,112071.4296875,40212813407.0,1.0,26375.0,True,26375.0,2955883958.0078125,0.8666188174962342,0.8097306013038337,False
2025-09-09,112077.578125,113225.4375,110776.703125,111530.546875,111530.546875,45984480722.0,1.0,26385.0,True,26385.0,2942733479.296875,-0.4458841631299001,-0.4837916692699648,False
2025-09-10,111531.25,114275.25,110940.078125,113955.359375,113955.359375,56377473784.0,1.0,26360.0,True,26360.0,3003863273.125,2.0560313668495827,2.1508270891820573,False
2025-09-11,113961.4296875,115522.546875,113453.8359375,115507.5390625,115507.5390625,45685065332.0,1.0,26370.0,True,26370.0,3045933805.078125,1.3908304555461084,1.3529013824572131,False
2025-09-12,115507.7890625,116769.3828125,114794.484375,116101.578125,116101.578125,54785725894.0,1.0,26375.0,True,26375.0,3062179123.046875,0.5319271750384403,0.5129680319349263,False
2025-09-13,116093.5625,116334.6328125,115248.2734375,115950.5078125,115950.5078125,34549454947.0,1.0,,False,26375.0,3058194643.5546875,-0.13020381457220276,-0.13020381457220276,True
2025-09-14,115950.2890625,116181.5,115222.3984375,115407.65625,115407.65625,32798036057.0,1.0,,False,26375.0,3043876933.59375,-0.4692746079796957,-0.4692746079796957,True
2025-09-15,115399.6328125,116747.8828125,114461.0625,115444.875,115444.875,52937859416.0,1.0,26355.0,True,26355.0,3042549680.625,-0.04361353792347888,0.0322446109825618,False
2025-09-16,115423.7578125,117005.2734375,114813.09375,116843.1875,116843.1875,45781744593.0,1.0,26355.0,True,26355.0,3079402206.5625,1.2039614740681204,1.2039614740681204,False
2025-09-17,116840.5078125,117328.609375,114794.9765625,116468.5078125,116468.5078125,60528025996.0,1.0,26381.0,True,26381.0,3072555704.6015625,-0.22257970182388087,-0.3211840787451935,False
2025-09-18,116461.265625,117911.7890625,116188.796875,117137.203125,117137.203125,49457272032.0,1.0,26340.0,True,26340.0,3085393930.3125,0.4169649013874007,0.5725006775122413,False
2025-09-19,117137.671875,117479.7578125,115141.8203125,115688.859375,115688.859375,38828473971.0,1.0,26355.0,True,26355.0,3048979888.828125,-1.1872269370144344,-1.2441583362179642,False
2025-09-20,115691.125,116191.1484375,115473.5234375,115721.9609375,115721.9609375,22864449614.0,1.0,,False,26355.0,3049852280.5078125,0.02860848311332532,0.02860848311332532,True
2025-09-21,115730.2265625,115901.0859375,115252.578125,115306.09375,115306.09375,22495852193.0,1.0,,False,26355.0,3038892100.78125,-0.3600148364976797,-0.3600148364976797,True
2025-09-22,115309.21875,115431.3125,112037.6484375,112748.5078125,112748.5078125,70684158591.0,1.0,26355.0,True,26355.0,2971486923.3984375,-2.243053331974822,-2.243053331974822,False
2025-09-23,112757.4765625,113351.9140625,111535.5703125,112014.5,112014.5,47211853279.0,1.0,26395.0,True,26395.0,2956622727.5,-0.5014828646834714,-0.6531416615244119,False
2025-09-24,112007.6640625,113986.2734375,111229.640625,113328.6328125,113328.6328125,48044595085.0,1.0,26395.0,True,26395.0,2991309263.0859375,1.166352569712314,1.166352569712314,False
2025-09-25,113330.1640625,113541.0859375,108713.3984375,109049.2890625,109049.2890625,75528654284.0,1.0,26395.0,True,26395.0,2878355984.8046875,-3.8491879643615556,-3.8491879643615556,False
2025-09-26,109041.296875,110359.1953125,108728.9765625,109712.828125,109712.828125,57738288949.0,1.0,26380.0,True,26380.0,2894224405.9375,0.5497874444147688,0.606632543055882,False
2025-09-27,109707.140625,109778.5,109144.296875,109681.9453125,109681.9453125,26308042910.0,1.0,,False,26380.0,2893409717.34375,-0.028152733285390488,-0.028152733285390488,True
2025-09-28,109681.9453125,112375.484375,109236.9453125,112122.640625,112122.640625,33371048505.0,1.0,,False,26380.0,2957795259.6875,2.2008506441889,2.2008506441889,True
2025-09-29,112117.875,114473.5703125,111589.953125,114400.3828125,114400.3828125,60000147466.0,1.0,26385.0,True,26385.0,3018454100.5078125,2.0300666977540542,2.0111147409077907,False
2025-09-30,114396.5234375,114836.6171875,112740.5625,114056.0859375,114056.0859375,58986330258.0,1.0,26414.0,True,26414.0,3012677453.953125,-0.19156101202584025,-0.3014115884239906,False
2025-10-01,114057.59375,118648.9296875,113981.3984375,118648.9296875,118648.9296875,71328680132.0,1.0,26425.0,True,26425.0,3135297966.9921875,3.989501190248384,3.9478652767795013,False
2025-10-02,118652.3828125,121086.40625,118383.15625,120681.2578125,120681.2578125,71415163912.0,1.0,26405.0,True,26405.0,3186588612.5390625,1.6226729261190145,1.6983874858595087,False
2025-10-03,120656.984375,123944.703125,119344.3125,122266.53125,122266.53125,83941392228.0,1.0,26393.0,True,26393.0,3226980559.28125,1.2595944535770909,1.3050507216426515,False
2025-10-04,122267.46875,122857.640625,121577.5703125,122425.4296875,122425.4296875,36769171735.0,1.0,,False,26393.0,3231174365.7421875,0.12987632223538373,0.12987632223538373,True
2025-10-05,122419.671875,125559.2109375,122191.9609375,123513.4765625,123513.4765625,73689317763.0,1.0,,False,26393.0,3259891186.9140625,0.8848164694084895,0.8848164694084895,True
2025-10-06,123510.453125,126198.0703125,123196.046875,124752.53125,124752.53125,72568881188.0,1.0,26375.0,True,26375.0,3290348011.71875,0.9299521246702648,0.9981752928713129,False
2025-10-07,124752.140625,125184.0234375,120681.96875,121451.3828125,121451.3828125,76149412513.0,1.0,26340.0,True,26340.0,3199029423.28125,-2.8145879246293886,-2.681798376519831,False
2025-10-08,121448.3515625,124167.09375,121119.1796875,123354.8671875,123354.8671875,65354305286.0,1.0,26340.0,True,26340.0,3249167201.71875,1.5551259305387295,1.5551259305387295,False
2025-10-09,123337.0703125,123739.34375,119812.03125,121705.5859375,121705.5859375,74653009425.0,1.0,26335.0,True,26335.0,3205116605.6640625,-1.3650245746832885,-1.346040236705057,False
2025-10-10,121704.7421875,122509.6640625,104582.4140625,113214.3671875,113214.3671875,153125018868.0,1.0,26346.0,True,26346.0,2982745717.921875,-7.19042139747077,-7.232182184699049,False
2025-10-11,113236.4296875,113429.7265625,109760.5625,110807.8828125,110807.8828125,110236934340.0,1.0,,False,26346.0,2919344480.578125,-2.1485160033407134,-2.1485160033407134,True
2025-10-12,110811.515625,115805.0625,109715.5390625,115169.765625,115169.765625,93710414091.0,1.0,,False,26346.0,3034262645.15625,3.8609346343899698,3.8609346343899698,True
2025-10-13,115161.6796875,116020.484375,113821.1875,115271.078125,115271.078125,71582026739.0,1.0,26310.0,True,26310.0,3032782065.46875,-0.04880727891450374,0.08792929662890046,False
2025-10-14,115264.8828125,115502.8828125,110029.484375,113118.6640625,113118.6640625,92212917403.0,1.0,26325.0,True,26325.0,2977848831.4453125,-1.8279200477756294,-1.884916344559421,False
2025-10-15,113113.96875,113622.3828125,110235.8359375,110783.1640625,110783.1640625,72574132855.0,1.0,26343.0,True,26343.0,2918360890.8984375,-2.017905126496946,-2.0862578290898415,False
2025-10-16,110782.171875,111990.8125,107537.03125,108186.0390625,108186.0390625,87306423067.0,1.0,26315.0,True,26315.0,2846915617.9296875,-2.478595102340553,-2.372248478317967,False
2025-10-17,108179.1328125,109235.8046875,103598.4296875,106467.7890625,106467.7890625,99703051669.0,1.0,26310.0,True,26310.0,2801167530.234375,-1.6199863558889793,-1.6009839805348833,False
2025-10-18,106483.734375,107490.984375,106387.453125,107198.265625,107198.265625,37779905278.0,1.0,,False,26310.0,2820386368.59375,0.6837580349705927,0.6837580349705927,True
2025-10-19,107204.3125,109488.9921875,106157.7890625,108666.7109375,108666.7109375,47657008953.0,1.0,,False,26310.0,2859021164.765625,1.3605430464268036,1.3605430464268036,True
2025-10-20,108667.4453125,111711.03125,107485.015625,110588.9296875,110588.9296875,63507793085.0,1.0,26337.0,True,26337.0,2912580641.1796875,1.856019029831944,1.753449073833947,False
2025-10-21,110587.6328125,113996.34375,107534.75,108476.890625,108476.890625,101194375480.0,1.0,26330.0,True,26330.0,2856196530.15625,-1.9548651277459492,-1.9282830173496075,False
2025-10-22,108491.53125,109115.1328125,106778.0,107688.5859375,107688.5859375,80807013218.0,1.0,26333.0,True,26333.0,2835763533.4921875,-0.7179630288089125,-0.7293562270818725,False
2025-10-23,107679.4375,111288.59375,107548.4296875,110069.7265625,110069.7265625,54944076060.0,1.0,26345.0,True,26345.0,2899786946.2890625,2.232604259507919,2.18704444247777,False
2025-10-24,110069.3515625,111842.53125,109770.1484375,111033.921875,111033.921875,48160816980.0,1.0,26312.0,True,26312.0,2921524552.375,0.746831951076881,0.8721714285261932,False
2025-10-25,111032.6171875,111947.703125,110704.40625,111641.7265625,111641.7265625,24707667305.0,1.0,,False,26312.0,2937517109.3125,0.5459116892619,0.5459116892619,True
2025-10-26,111639.0546875,115260.90625,111268.484375,114472.4453125,114472.4453125,41708524143.0,1.0,,False,26312.0,3011998981.0625,2.5039267744803344,2.5039267744803344,True
2025-10-27,114479.8515625,116273.3125,113882.2890625,114119.328125,114119.328125,61761358733.0,1.0,26280.0,True,26280.0,2999055943.125,-0.43064181257287937,-0.30895028553826287,False
2025-10-28,114129.0859375,116078.984375,112291.6796875,112956.1640625,112956.1640625,64528066504.0,1.0,26280.0,True,26280.0,2968487991.5625,-1.0244824086811921,-1.0244824086811921,False
2025-10-29,112921.328125,113642.7265625,109368.71875,110055.3046875,110055.3046875,62192043469.0,1.0,26308.0,True,26308.0,2895334955.71875,-2.4951923643071536,-2.601680546576632,False
2025-10-30,110059.1953125,111612.3515625,106376.6875,108305.546875,108305.546875,69673964814.0,1.0,26335.0,True,26335.0,2852226576.953125,-1.5000861458371477,-1.602663895461955,False
2025-10-31,108304.4140625,111031.8203125,108288.2734375,109556.1640625,109556.1640625,60090359560.0,1.0,26315.0,True,26315.0,2882970457.3046875,1.0721227066674777,1.148096119628519,False
2025-11-01,109558.625,110574.8984375,109372.953125,110064.015625,110064.015625,25871668762.0,1.0,,False,26315.0,2896334571.171875,0.46248251724930955,0.46248251724930955,True
2025-11-02,110064.4296875,111167.3125,109523.453125,110639.625,110639.625,34284209459.0,1.0,,False,26315.0,2911481731.875,0.5216141233319792,0.5216141233319792,True
2025-11-03,110646.90625,110764.9140625,105336.359375,106547.5234375,106547.5234375,72852006359.0,1.0,26310.0,True,26310.0,2803265341.640625,-3.787720665455084,-3.768718290100999,False
2025-11-04,106541.421875,107264.8828125,98962.0625,101590.5234375,101590.5234375,110967184773.0,1.0,26309.0,True,26309.0,2672745081.1171875,-4.767886662178345,-4.764085753760775,False
2025-11-05,101579.234375,104534.703125,98989.9140625,103891.8359375,103891.8359375,77584934804.0,1.0,26295.0,True,26295.0,2731835825.9765625,2.186778239503071,2.240006132174874,False
2025-11-06,103893.6640625,104147.3046875,100336.8671875,101301.2890625,101301.2890625,63932752861.0,1.0,26300.0,True,26300.0,2664223902.34375,-2.5061050349439467,-2.5251182491850757,False
2025-11-07,101286.2421875,104052.9140625,99257.0546875,103372.40625,103372.40625,92168030081.0,1.0,26285.0,True,26285.0,2717143698.28125,1.9668421056426744,2.023892596873405,False
2025-11-08,103371.703125,103373.5625,101458.0390625,102282.1171875,102282.1171875,51446691095.0,1.0,,False,26285.0,2688485450.2734375,-1.0603212214200237,-1.0603212214200237,True
2025-11-09,102278.984375,105418.3671875,101468.875,104719.640625,104719.640625,59679243013.0,1.0,,False,26285.0,2752555753.828125,2.355183969968007,2.355183969968007,True
2025-11-10,104723.7734375,106564.6953125,104350.6484375,105996.59375,105996.59375,69585887229.0,1.0,26280.0,True,26280.0,2785590483.75,1.1930028681460856,1.212026933646231,False
2025-11-11,105996.859375,107428.2578125,102457.328125,102997.46875,102997.46875,71130078574.0,1.0,26270.0,True,26270.0,2705743504.0625,-2.9083136395803013,-2.870254647684184,False
2025-11-12,103011.4375,105297.234375,100836.6171875,101663.1875,101663.1875,64347179408.0,1.0,26280.0,True,26280.0,2671708567.5,-1.2658556723715777,-1.3039146642676998,False
2025-11-13,101674.1484375,104005.4921875,97988.71875,99697.4921875,99697.4921875,101546815416.0,1.0,26280.0,True,26280.0,2620050094.6875,-1.9524742976585432,-1.9524742976585432,False
2025-11-14,99694.703125,99804.4296875,94000.734375,94397.7890625,94397.7890625,114346441890.0,1.0,26320.0,True,26320.0,2484549808.125,-5.310195829588484,-5.462287113659148,False
2025-11-15,94420.46875,96728.46875,94420.46875,95549.1484375,95549.1484375,38500716654.0,1.0,,False,26320.0,2514853586.875,1.212310649874722,1.212310649874722,True
2025-11-16,95556.8671875,96564.1875,92971.1640625,94177.078125,94177.078125,71086235862.0,1.0,,False,26320.0,2478740696.25,-1.4463938461922525,-1.4463938461922525,True
2025-11-17,94180.875,95928.3671875,91214.7578125,92093.875,92093.875,94186165724.0,1.0,26325.0,True,26325.0,2424371259.375,-2.217843115342081,-2.236838271634354,False
2025-11-18,92094.53125,93745.078125,89300.4609375,92948.875,92948.875,101333569062.0,1.0,26335.0,True,26335.0,2447808623.125,0.9620968478618869,0.9241173563305538,False
2025-11-19,92946.1640625,92946.1640625,88526.828125,91465.9921875,91465.9921875,80350354656.0,1.0,26378.0,True,26378.0,2412689941.921875,-1.4450901231468607,-1.6082377699808927,False
2025-11-20,91459.3515625,93025.0703125,86040.796875,86631.8984375,86631.8984375,97970645638.0,1.0,26376.0,True,26376.0,2285002953.1875,-5.437496676587427,-5.4299143131611185,False
2025-11-21,86528.7734375,87380.8046875,80659.8125,85090.6875,85090.6875,129157506112.0,1.0,26366.0,True,26366.0,2243501066.625,-1.8329694905941236,-1.7950490472289502,False
2025-11-22,85098.5625,85503.0078125,83490.8984375,84648.359375,84648.359375,40793099246.0,1.0,,False,26366.0,2231838643.28125,-0.521187239368071,-0.521187239368071,True
2025-11-23,84648.609375,88038.46875,84641.7734375,86805.0078125,86805.0078125,58083435576.0,1.0,,False,26366.0,2288700835.984375,2.5158586579000386,2.5158586579000386,True
2025-11-24,86798.7734375,89206.3359375,85272.1953125,88270.5625,88270.5625,74433896110.0,1.0,26349.0,True,26349.0,2325841051.3125,1.609738007815133,1.6742357810839485,False
2025-11-25,88269.9609375,88457.3359375,86131.4296875,87341.890625,87341.890625,64837343545.0,1.0,26350.0,True,26350.0,2301458817.96875,-1.0538525572473165,-1.057647695675446,False
2025-11-26,87345.5859375,90581.15625,86316.8984375,90518.3671875,90518.3671875,66496301869.0,1.0,26343.0,True,26343.0,2384525346.8203125,3.5456897971933263,3.572258791333639,False
2025-11-27,90517.765625,91897.578125,90089.515625,91285.375,91285.375,57040622845.0,1.0,26350.0,True,26350.0,2405369631.25,0.8703496049898686,0.8437806108495433,False
2025-11-28,91285.3828125,92969.0859375,90257.1171875,90919.265625,90919.265625,60895830289.0,1.0,26372.0,True,26372.0,2397722873.0625,-0.3184100510737827,-0.4018666774419681,False
2025-11-29,90918.7421875,91187.6171875,90260.1875,90851.7578125,90851.7578125,37921773455.0,1.0,,False,26372.0,2395942557.03125,-0.074277862694653,-0.074277862694653,True
2025-11-30,90838.2109375,91965.046875,90394.3125,90394.3125,90394.3125,38497902869.0,1.0,,False,26372.0,2383878809.25,-0.5047792573132773,-0.5047792573132773,True
2025-12-01,90389.109375,90398.15625,83862.25,86321.5703125,86321.5703125,87962894424.0,1.0,26330.0,True,26330.0,2272846946.328125,-4.7695705796911145,-4.610183805407602,False
2025-12-02,86322.5390625,92316.6328125,86202.1953125,91350.203125,91350.203125,78546798211.0,1.0,26340.0,True,26340.0,2406164350.3125,5.70007166772207,5.662099387030378,False
2025-12-03,91345.09375,94060.7734375,91056.390625,93527.8046875,93527.8046875,77650204986.0,1.0,26340.0,True,26340.0,2463522375.46875,2.3558262011831657,2.3558262011831657,False
2025-12-04,93454.2578125,94038.2421875,90976.1015625,92141.625,92141.625,64538402681.0,1.0,26345.0,True,26345.0,2427471110.625,-1.4742165519818031,-1.493197286593217,False
2025-12-05,92133.6484375,92702.640625,88152.140625,89387.7578125,89387.7578125,63256398633.0,1.0,26340.0,True,26340.0,2354473540.78125,-3.0532867321789503,-3.0343059975675364,False
2025-12-06,89389.359375,90267.4609375,88951.6640625,89272.375,89272.375,37994042405.0,1.0,,False,26340.0,2351434357.5,-0.12916460625568119,-0.12916460625568119,True
2025-12-07,89277.8125,91740.84375,87799.5625,90405.640625,90405.640625,47394898960.0,1.0,,False,26340.0,2381284574.0625,1.261457222601435,1.261457222601435,True
2025-12-08,90424.5859375,92267.1171875,89644.890625,90640.203125,90640.203125,57394099056.0,1.0,26320.0,True,26320.0,2385650146.25,0.18316061217953353,0.2591195979813834,False
2025-12-09,90639.703125,94601.5703125,89586.9765625,92691.7109375,92691.7109375,66861721440.0,1.0,26320.0,True,26320.0,2439645831.875,2.2381192698197743,2.2381192698197743,False
2025-12-10,92695.234375,94477.15625,91640.1328125,92020.9453125,92020.9453125,65420694513.0,1.0,26340.0,True,26340.0,2423831699.53125,-0.6503242988617312,-0.7262832846635849,False
2025-12-11,92011.3046875,93554.265625,89335.296875,92511.3359375,92511.3359375,64532834621.0,1.0,26355.0,True,26355.0,2438136258.6328125,0.5884284100183338,0.5314970108148118,False
2025-12-12,92513.6640625,92747.9296875,89532.6015625,90270.4140625,90270.4140625,80275884583.0,1.0,26300.0,True,26300.0,2374111889.84375,-2.661049257559884,-2.452142145214751,False
2025-12-13,90257.796875,90647.5703125,89800.9921875,90298.7109375,90298.7109375,64237748110.0,1.0,,False,26300.0,2374856097.65625,0.03134187556330964,0.03134187556330964,True
2025-12-14,90296.4375,90498.109375,87634.9375,88175.1796875,88175.1796875,50465972205.0,1.0,,False,26300.0,2319007225.78125,-2.379767101791624,-2.379767101791624,True
2025-12-15,88171.078125,89983.921875,85304.078125,86419.78125,86419.78125,45559514323.0,1.0,26303.0,True,26303.0,2273099506.21875,-1.9994852777333736,-2.010891471308839,False
2025-12-16,86424.40625,88170.09375,85381.6875,87843.984375,87843.984375,41262178223.0,1.0,26290.0,True,26290.0,2309418349.21875,1.585137455739451,1.6345736935078115,False
2025-12-17,87847.6171875,90264.5703125,85316.265625,86143.7578125,86143.7578125,44243392914.0,1.0,26310.0,True,26310.0,2266442268.046875,-1.8784376730443024,-1.9544833040854463,False
2025-12-18,86144.3671875,89412.6640625,84436.3125,85462.5078125,85462.5078125,52667115348.0,1.0,26300.0,True,26300.0,2247663955.46875,-0.8319884366250644,-0.7939728497768105,False
2025-12-19,85476.1328125,89339.1171875,85107.6640625,88103.3828125,88103.3828125,46733310561.0,1.0,26285.0,True,26285.0,2315797417.2265625,2.9862650056100253,3.0433154968407767,False
2025-12-20,88101.671875,88497.203125,87924.875,88344.0,88344.0,14688196659.0,1.0,,False,26285.0,2322122040.0,0.27273551221506387,0.27273551221506387,True
2025-12-21,88344.703125,89027.953125,87613.203125,88621.75,88621.75,19845522660.0,1.0,,False,26285.0,2329422698.75,0.31390280669266873,0.31390280669266873,True
2025-12-22,88621.3984375,90501.9296875,87908.0703125,88490.015625,88490.015625,38047472118.0,1.0,26265.0,True,26265.0,2324190260.390625,-0.22487648243755845,-0.14875849588890808,False
2025-12-23,88490.03125,88898.3828125,86606.9765625,87414.0,87414.0,43683011533.0,1.0,26300.0,True,26300.0,2298988200.0,-1.0902590175159532,-1.2234274952953526,False
2025-12-24,87404.3203125,87956.8828125,86411.796875,87611.9609375,87611.9609375,25550297986.0,1.0,26326.0,True,26326.0,2306472483.640625,0.32501809235596524,0.2262076104062497,False
2025-12-25,87608.3203125,88501.7890625,86949.2578125,87234.7421875,87234.7421875,19953216347.0,1.0,,False,26326.0,2296541822.828125,-0.43148578556266,-0.43148578556266,True
2025-12-26,87235.5078125,89459.4296875,86628.140625,87301.4296875,87301.4296875,42455674908.0,1.0,26277.0,True,26277.0,2294019667.8984375,-0.10988438728315188,0.0764168281323002,False
2025-12-27,87301.4296875,87874.78125,87182.9765625,87802.15625,87802.15625,13741199310.0,1.0,,False,26277.0,2307177259.78125,0.571921956587603,0.571921956587603,True
2025-12-28,87799.34375,87986.890625,87394.953125,87835.8359375,87835.8359375,15156557929.0,1.0,,False,26277.0,2308062260.9296875,0.03835125589097617,0.03835125589097617,True
2025-12-29,87835.7890625,90299.15625,86717.9140625,87138.140625,87138.140625,48411625849.0,1.0,26255.0,True,26255.0,2287811882.109375,-0.8812473641818795,-0.7974888882579775,False
2025-12-30,87134.3515625,89297.9375,86735.546875,88430.1328125,88430.1328125,35586356225.0,1.0,26245.0,True,26245.0,2320848835.6640625,1.4337145423231443,1.471809780879094,False
2025-12-31,88429.5859375,89080.2890625,87130.5625,87508.828125,87508.828125,33830210616.0,1.0,26225.0,True,26225.0,2294919017.578125,-1.123543977120208,-1.0473099349299821,False
2026-01-01,87508.046875,88803.2265625,87399.40625,88731.984375,88731.984375,18849043990.0,1.0,,False,26225.0,2326996290.234375,1.3880733660550058,1.3880733660550058,True
2026-01-02,88733.0625,90884.4609375,88298.6171875,89944.6953125,89944.6953125,46398906171.0,1.0,26295.0,True,26295.0,2365095763.2421875,1.6240222889141422,1.3574570130194885,False
2026-01-03,89945.0546875,90679.5703125,89328.0703125,90603.1875,90603.1875,20774828592.0,1.0,,False,26295.0,2382410815.3125,0.729440962714825,0.729440962714825,True
2026-01-04,90603.0,91712.5859375,90595.1015625,91413.4921875,91413.4921875,26770491368.0,1.0,,False,26295.0,2403717777.0703125,0.8903689947606831,0.8903689947606831,True
2026-01-05,91414.625,94762.0703125,91414.625,93882.5546875,93882.5546875,53376407252.0,1.0,26295.0,True,26295.0,2468641775.5078125,2.665149838136465,2.665149838136465,False
2026-01-06,93876.9453125,94395.296875,91286.546875,93729.03125,93729.03125,52430605257.0,1.0,26269.0,True,26269.0,2462167921.90625,-0.26258800151457434,-0.163660971149983,False
2026-01-07,93727.46875,93738.7890625,90601.8046875,91308.0546875,91308.0546875,43461295053.0,1.0,26274.0,True,26274.0,2399027828.859375,-2.597864694049695,-2.6168967250151645,False
2026-01-08,91309.640625,91485.8515625,89233.875,91027.125,91027.125,42386697030.0,1.0,26271.0,True,26271.0,2391373600.875,-0.3195654731874893,-0.3081466892755565,False
2026-01-09,91026.2734375,91910.671875,89625.3828125,90513.1015625,90513.1015625,38305906684.0,1.0,26230.0,True,26230.0,2374158653.984375,-0.7224805478921758,-0.5662930149506993,False
2026-01-10,90510.1015625,90713.03125,90283.3984375,90386.6484375,90386.6484375,12385895282.0,1.0,,False,26230.0,2370841788.515625,-0.13980466595052143,-0.13980466595052143,True
2026-01-11,90385.359375,91155.2265625,90212.0234375,90827.4609375,90827.4609375,17165568977.0,1.0,,False,26230.0,2382404300.390625,0.4865110901100388,0.4865110901100388,True
2026-01-12,90825.859375,92395.5234375,90055.0234375,91192.9921875,91192.9921875,41346275358.0,1.0,26225.0,True,26225.0,2391536220.1171875,0.38257413662592576,0.4016380962680633,False
2026-01-13,91185.3359375,96011.625,90941.9296875,95321.78125,95321.78125,54980674354.0,1.0,26270.0,True,26270.0,2504103193.4375,4.599473444656578,4.428028503147822,False
2026-01-14,95322.90625,97860.6015625,94583.046875,96929.328125,96929.328125,60592490863.0,1.0,26250.0,True,26250.0,2544394863.28125,1.5962183162063264,1.6723797821879045,False
2026-01-15,96931.2890625,97150.171875,95103.2421875,95551.1875,95551.1875,53086363027.0,1.0,26230.0,True,26230.0,2506307648.125,-1.5082233433606678,-1.4320038274756288,False
2026-01-16,95554.1015625,95801.890625,94259.2734375,95525.1171875,95525.1171875,33248170537.0,1.0,26230.0,True,26230.0,2505623823.828125,-0.027287855188963723,-0.027287855188963723,False
2026-01-17,95525.15625,95598.4765625,95005.6171875,95099.921875,95099.921875,16021715122.0,1.0,,False,26230.0,2494470950.78125,-0.44610720579804075,-0.44610720579804075,True
2026-01-18,95101.1796875,95491.5078125,93588.8671875,93634.4296875,93634.4296875,20809781232.0,1.0,,False,26230.0,2456031090.703125,-1.5529993658124637,-1.5529993658124637,True
2026-01-19,93655.671875,93660.828125,92089.25,92553.59375,92553.59375,39195241508.0,1.0,26235.0,True,26235.0,2428143532.03125,-1.141968250171549,-1.1610285761608208,False
2026-01-20,92553.6015625,92798.4296875,87814.9296875,88310.90625,88310.90625,53072968031.0,1.0,26225.0,True,26225.0,2315953516.40625,-4.730549791113536,-4.692425505482115,False
2026-01-21,88326.5078125,90430.40625,87231.5703125,89376.9609375,89376.9609375,56330422434.0,1.0,26264.0,True,26264.0,2347396502.0625,1.3485353677079532,1.1999327760148784,False
2026-01-22,89378.5234375,90258.9609375,88438.4453125,89462.453125,89462.453125,35549685694.0,1.0,26225.0,True,26225.0,2346152833.203125,-0.05299481478278947,0.09560777691027553,False
2026-01-23,89462.046875,91100.25,88486.359375,89503.875,89503.875,38997586037.0,1.0,26267.0,True,26267.0,2350998284.625,0.20631455190930117,0.046290133092210695,False
2026-01-24,89506.1484375,89811.609375,89044.2890625,89110.734375,89110.734375,14558687712.0,1.0,,False,26267.0,2340671659.828125,-0.4402117623558332,-0.4402117623558332,True
2026-01-25,89104.765625,89193.1484375,86003.7109375,86572.21875,86572.21875,36124986722.0,1.0,,False,26267.0,2273992469.90625,-2.8900838361794734,-2.8900838361794734,True
2026-01-26,86566.5234375,88743.0703125,86429.2890625,88267.140625,88267.140625,45329286974.0,1.0,26205.0,True,26205.0,2313040420.078125,1.7025774334911397,1.938894055131375,False
2026-01-27,88257.4765625,89427.125,87228.921875,89102.5703125,89102.5703125,38744942267.0,1.0,26181.0,True,26181.0,2332794393.3515625,0.8504001159735451,0.942027656458104,False
2026-01-28,89104.046875,90439.2890625,88721.4609375,89184.5703125,89184.5703125,39807419296.0,1.0,26130.0,True,26130.0,2330392822.265625,-0.10300128162209807,0.0919864500541825,False
2026-01-29,89169.8515625,89200.78125,83250.6015625,84561.5859375,84561.5859375,64653083162.0,1.0,26020.0,True,26020.0,2200292466.09375,-5.744655595224493,-5.322794950408301,False
2026-01-30,84562.7265625,84602.1640625,81071.4765625,84128.65625,84128.65625,72083816087.0,1.0,25950.0,True,25950.0,2183138629.6875,-0.7826710902011544,-0.5132847429550005,False
2026-01-31,84126.5,84136.921875,75815.8828125,78621.1171875,78621.1171875,70479259159.0,1.0,,False,25950.0,2040217991.015625,-6.770691927198588,-6.770691927198588,True
2026-02-01,78626.125,79322.609375,75698.8984375,76974.4453125,76974.4453125,53372509744.0,1.0,,False,25950.0,1997486855.859375,-2.1166842147211495,-2.1166842147211495,True
2026-02-02,76968.875,79258.609375,74551.3359375,78688.765625,78688.765625,75140589684.0,1.0,25880.0,True,25880.0,2036465254.375,1.9325768178623703,2.2026908157821636,False
2026-02-03,78693.5078125,79118.8515625,72897.140625,75633.546875,75633.546875,68249110822.0,1.0,25970.0,True,25970.0,1964203212.34375,-3.6128913333019685,-3.960046937497693,False
2026-02-04,75640.09375,76864.65625,71779.9296875,73019.703125,73019.703125,67215363944.0,1.0,26000.0,True,26000.0,1898512281.25,-3.4016103594934073,-3.5170615941758965,False
2026-02-05,73016.375,73161.5546875,62353.53515625,62702.09765625,62702.09765625,125509410908.0,1.0,25978.0,True,25978.0,1628875092.9140625,-15.318092006683734,-15.23344080304475,False
2026-02-06,62704.453125,71681.3046875,60074.203125,70555.390625,70555.390625,114674259489.0,1.0,25940.0,True,25940.0,1830206832.8125,11.653933433668264,11.8003181433477,False
2026-02-07,70553.796875,71611.1484375,67364.4453125,69281.96875,69281.96875,62347107663.0,1.0,,False,25940.0,1797174269.375,-1.8213402812750956,-1.8213402812750956,True
2026-02-08,69283.7265625,72206.90625,68852.8984375,70264.7265625,70264.7265625,39721722619.0,1.0,,False,25940.0,1822667007.03125,1.408523588474713,1.408523588474713,True
2026-02-09,70243.328125,71369.96875,68291.03125,70120.78125,70120.78125,52081598792.0,1.0,25900.0,True,25900.0,1816128234.375,-0.35939256047749957,-0.20507154219692206,False
2026-02-10,70137.390625,70464.265625,67913.09375,68793.9609375,68793.9609375,40593063077.0,1.0,25860.0,True,25860.0,1779011829.84375,-2.0648832951677987,-1.910323758989731,False
2026-02-11,68791.859375,69242.6796875,65757.3046875,66991.96875,66991.96875,49671946030.0,1.0,25840.0,True,25840.0,1731072472.5,-2.731691564168489,-2.6543221212374526,False
2026-02-12,66992.1953125,68339.4921875,65092.109375,66221.84375,66221.84375,44651071271.0,1.0,25950.0,True,25950.0,1718456845.3125,-0.7314437577338468,-1.1562368274835069,False
2026-02-13,66213.375,69382.8359375,65835.78125,68857.84375,68857.84375,40820775886.0,1.0,25910.0,True,25910.0,1784106731.5625,3.749115431927666,3.9033769357155785,False
2026-02-14,68856.984375,70481.1640625,68706.6171875,69767.625,69767.625,36012397645.0,1.0,,False,25910.0,1807679163.75,1.3125933067848305,1.3125933067848305,True
2026-02-15,69764.953125,70939.2890625,68052.546875,68788.1875,68788.1875,40191152750.0,1.0,,False,25910.0,1782301938.125,-1.4138040068878805,-1.4138040068878805,True
2026-02-16,68782.3984375,70067.234375,67301.5859375,68843.15625,68843.15625,33618145426.0,1.0,25920.0,True,25920.0,1784414610.0,0.11846593883053447,0.07987824782500608,False
2026-02-17,68843.09375,69201.8671875,66615.28125,67494.21875,67494.21875,34866936040.0,1.0,25920.0,True,25920.0,1749450150.0,-1.9788873300286218,-1.9788873300286218,False
2026-02-18,67488.0234375,68434.4296875,65845.8984375,66425.3203125,66425.3203125,33094301643.0,1.0,25920.0,True,25920.0,1721744302.5,-1.5963632260214884,-1.5963632260214884,False
2026-02-19,66425.625,67277.125,65637.4296875,66957.5234375,66957.5234375,31492987019.0,1.0,25920.0,True,25920.0,1735539007.5,0.7980125994704771,0.7980125994704771,False
2026-02-20,66958.578125,68269.03125,66452.484375,68005.421875,68005.421875,47507867304.0,1.0,25920.0,True,25920.0,1762700535.0,1.5528995656632263,1.5528995656632263,False
2026-02-21,68000.25,68657.703125,67533.0703125,68003.765625,68003.765625,18357635642.0,1.0,,False,25920.0,1762657605.0,-0.0024354972344490843,-0.0024354972344490843,True
2026-02-22,67998.828125,68235.2265625,67185.6015625,67659.390625,67659.390625,17893536012.0,1.0,,False,25920.0,1753731405.0,-0.5076923598302017,-0.5076923598302017,True
2026-02-23,67668.4296875,67668.4296875,63924.4375,64616.73828125,64616.73828125,50953457309.0,1.0,25920.0,True,25920.0,1674865856.25,-4.601267313564273,-4.601267313564273,False
2026-02-24,64616.015625,64992.15625,62553.1875,64080.04296875,64080.04296875,40849331086.0,1.0,26080.0,True,26080.0,1671207520.625,-0.21866448643664727,-0.834051043874472,False
2026-02-25,64077.76953125,69953.53125,63942.484375,67960.125,67960.125,53629234355.0,1.0,26180.0,True,26180.0,1779196072.5,6.261518623417488,5.878816281087323,False
2026-02-26,67954.8671875,68843.3515625,66523.734375,67453.7734375,67453.7734375,42988597523.0,1.0,26099.0,True,26099.0,1760476032.9453125,-1.0577371875758643,-0.7478610812400482,False
2026-02-27,67456.515625,68220.40625,64946.03515625,65881.796875,65881.796875,40283655942.0,1.0,26030.0,True,26030.0,1714903172.65625,-2.6227625811680277,-2.3580345399758595,False
2026-02-28,65878.9296875,67714.5234375,63062.21875,66995.859375,66995.859375,42041497112.0,1.0,,False,26030.0,1743902219.53125,1.6768637200983847,1.6768637200983847,True
2026-03-01,67005.8828125,68162.8203125,65076.73046875,65738.1015625,65738.1015625,40733141929.0,1.0,,False,26030.0,1711162783.671875,-1.8952127255243774,-1.8952127255243774,True
2026-03-02,65734.078125,70044.0,65303.13671875,68775.8515625,68775.8515625,56698092052.0,1.0,26040.0,True,26040.0,1790923174.6875,4.555809707615317,4.517399874225875,False
2026-03-03,68785.078125,69232.890625,66237.6171875,68293.6484375,68293.6484375,47947999049.0,1.0,26160.0,True,26160.0,1786561843.125,-0.24382121526249045,-0.7035921401254354,False
2026-03-04,68290.5625,74051.8046875,67437.40625,72710.578125,72710.578125,75073101274.0,1.0,26150.0,True,26150.0,1901381617.96875,6.228777446555673,6.267011054362282,False
2026-03-05,72712.65625,73555.7890625,70654.8828125,70841.125,70841.125,51172841727.0,1.0,26165.0,True,26165.0,1853558035.625,-2.5473734777448884,-2.6047184090688056,False
2026-03-06,70842.15625,71378.5703125,67757.8203125,68136.4921875,68136.4921875,43776962871.0,1.0,26210.0,True,26210.0,1785857460.234375,-3.720838471870993,-3.8926762229853793,False
2026-03-07,68136.6875,68515.1640625,66969.2578125,67272.59375,67272.59375,23258701211.0,1.0,,False,26210.0,1763214682.1875,-1.2760002816373808,-1.2760002816373808,True
2026-03-08,67272.5,68177.7890625,65639.1953125,65969.78125,65969.78125,33195080116.0,1.0,,False,26210.0,1729067966.5625,-1.9556151272463178,-1.9556151272463178,True
2026-03-09,65969.5859375,69474.9453125,65858.0078125,68402.3828125,68402.3828125,49499875378.0,1.0,26180.0,True,26180.0,1790774382.03125,3.50656262801127,3.6210883133673906,False
2026-03-10,68402.71875,71770.8984375,68402.71875,69926.921875,69926.921875,54003996096.0,1.0,26245.0,True,26245.0,1835232064.609375,2.4522797276192008,2.2043063053682945,False
2026-03-11,69931.25,71337.6640625,68998.8671875,70204.8828125,70204.8828125,45236859848.0,1.0,26175.0,True,26175.0,1837612807.6171875,0.12964028833618058,0.39671408310243694,False
2026-03-12,70209.765625,70775.828125,69230.15625,70493.4609375,70493.4609375,40871848129.0,1.0,26190.0,True,26190.0,1846223741.953125,0.4674990273378822,0.4102088510358853,False
2026-03-13,70497.046875,73927.328125,70410.7265625,70968.265625,70968.265625,61167226505.0,1.0,26240.0,True,26240.0,1862207290.0,0.862016679481127,0.6712861238543366,False
2026-03-14,70965.3828125,71291.203125,70339.5859375,71214.625,71214.625,22283546496.0,1.0,,False,26240.0,1868671760.0,0.346539053271123,0.346539053271123,True
2026-03-15,71213.6796875,73173.0078125,70882.421875,72789.9140625,72789.9140625,27991268669.0,1.0,,False,26240.0,1910007345.0,2.1879197879022207,2.1879197879022207,True
2026-03-16,72798.171875,74901.859375,72300.6328125,74861.0859375,74861.0859375,55572438409.0,1.0,26271.0,True,26271.0,1966675588.6640625,2.923751124123642,2.8056806108927663,False
2026-03-17,74855.296875,75988.3984375,73444.2265625,73922.4765625,73922.4765625,49500721728.0,1.0,26260.0,True,26260.0,1941204234.53125,-1.3036078896826033,-1.2617278563279095,False
2026-03-18,73936.8515625,74658.9765625,70503.859375,71245.578125,71245.578125,46229011155.0,1.0,26280.0,True,26280.0,1872333793.125,-3.6122849491657707,-3.6884174233417424,False
2026-03-19,71250.3515625,71598.84375,68805.5234375,69912.7890625,69912.7890625,44631433398.0,1.0,26300.0,True,26300.0,1838706352.34375,-1.8123415480318217,-1.8884161047627361,False
2026-03-20,69911.53125,71346.796875,69398.8828125,70522.5859375,70522.5859375,38299078407.0,1.0,26255.0,True,26255.0,1851570493.7890625,0.697193955355255,0.8684431647448685,False
2026-03-21,70522.46875,71051.2734375,68602.9140625,68711.5234375,68711.5234375,21109354718.0,1.0,,False,26255.0,1804021047.8515625,-2.6016105631017767,-2.6016105631017767,True
2026-03-22,68737.4453125,69561.7734375,67372.875,67845.2109375,67845.2109375,30108051508.0,1.0,,False,26255.0,1781276013.1640625,-1.2688120086084904,-1.2688120086084904,True
2026-03-23,67843.0,71782.2578125,67458.84375,70914.859375,70914.859375,51508669357.0,1.0,26285.0,True,26285.0,1863997078.671875,4.539318021628595,4.425119303469704,False
2026-03-24,70912.671875,71371.3046875,68920.6953125,70517.859375,70517.859375,40181522399.0,1.0,26339.0,True,26339.0,1857369898.078125,-0.3561695280797158,-0.5613991531695598,False
2026-03-25,70520.046875,71985.7421875,70383.59375,71309.8828125,71309.8828125,35409791747.0,1.0,26350.0,True,26350.0,1879015412.109375,1.1586468945874708,1.1168924480813245,False
2026-03-26,71310.1171875,71410.390625,68118.3515625,68791.625,68791.625,38962070215.0,1.0,26341.0,True,26341.0,1812040194.125,-3.6294533128173976,-3.5952918807416125,False
2026-03-27,68790.8359375,69117.53125,65532.5703125,66338.375,66338.375,46483453594.0,1.0,26348.0,True,26348.0,1747883504.5,-3.6047759573374067,-3.6313469685207127,False
2026-03-28,66338.5,67232.859375,65906.7421875,66319.6953125,66319.6953125,20924883455.0,1.0,,False,26348.0,1747391332.09375,-0.02816215791388498,-0.02816215791388498,True
2026-03-29,66319.6953125,67052.953125,64971.70703125,65954.921875,65954.921875,21645889785.0,1.0,,False,26348.0,1737780281.5625,-0.5515409833700629,-0.5515409833700629,True
2026-03-30,65958.3515625,68087.2890625,65759.8046875,66691.4453125,66691.4453125,37694994180.0,1.0,26320.0,True,26320.0,1755318840.625,1.0041917409879257,1.1105181731209317,False
2026-03-31,66694.5859375,68495.2734375,65950.4375,68233.3125,68233.3125,42997691338.0,1.0,26335.0,True,26335.0,1796924284.6875,2.3425956640815517,2.2856210162579322,False
2026-04-01,68232.890625,69230.359375,67555.359375,68078.5546875,68078.5546875,36465393617.0,1.0,26323.0,True,26323.0,1792031795.0390625,-0.2726415464765786,-0.22706442540199648,False
2026-04-02,68077.8984375,68633.1484375,65725.2578125,66888.5703125,66888.5703125,39323384518.0,1.0,26310.0,True,26310.0,1759838284.921875,-1.8128135901281268,-1.7634149228875802,False
2026-04-03,66889.015625,67296.234375,66281.5390625,66931.1015625,66931.1015625,22815543346.0,1.0,26310.0,True,26310.0,1760957282.109375,0.06356502125007872,0.06356502125007872,False
2026-04-04,66938.6484375,67515.015625,66769.640625,67290.515625,67290.515625,15878814963.0,1.0,,False,26310.0,1770413466.09375,0.5355544495529739,0.5355544495529739,True
2026-04-05,67291.1953125,69087.65625,66610.6328125,68981.8984375,68981.8984375,22972648674.0,1.0,,False,26310.0,1814913747.890625,2.4824828794848446,2.4824828794848446,True
2026-04-06,68982.9140625,70305.421875,68347.078125,68859.828125,68859.828125,39542143229.0,1.0,26318.0,True,26318.0,1812252956.59375,-0.14671461175847325,-0.17711667933321204,False
2026-04-07,68859.375,72732.4296875,67740.5078125,71940.703125,71940.703125,44650511480.0,1.0,26312.0,True,26312.0,1892903780.625,4.354124324745712,4.376925008865013,False
2026-04-08,71950.1484375,72825.1875,70707.46875,71123.359375,71123.359375,42444631703.0,1.0,26305.0,True,26305.0,1870899968.359375,-1.1692460296887015,-1.1426386592901714,False
2026-04-09,71120.5703125,73107.265625,70486.359375,71767.828125,71767.828125,38799581473.0,1.0,26304.0,True,26304.0,1887780951.0,0.8982457678912456,0.9020473987913681,False
2026-04-10,71774.3671875,73440.1171875,71434.828125,72979.046875,72979.046875,37722595732.0,1.0,26320.0,True,26320.0,1920808513.75,1.7344159036875335,1.6736071453528258,False
2026-04-11,72976.125,73784.234375,72556.3359375,73054.2734375,73054.2734375,23287073965.0,1.0,,False,26320.0,1922788476.875,0.10302658186926743,0.10302658186926743,True
2026-04-12,73056.046875,73154.03125,70540.5703125,70753.40625,70753.40625,29882740487.0,1.0,,False,26320.0,1862229652.5,-3.200195641601119,-3.200195641601119,True
2026-04-13,70757.6171875,74896.3125,70588.5234375,74484.640625,74484.640625,52278211554.0,1.0,26335.0,True,26335.0,1961553010.859375,5.196200426046936,5.139225778223328,False
2026-04-14,74478.3984375,76061.7578125,73877.203125,74181.609375,74181.609375,53540826530.0,1.0,26325.0,True,26325.0,1952830866.796875,-0.4456465574310601,-0.4076670658997154,False
2026-04-15,74182.0234375,75409.2734375,73549.203125,74805.078125,74805.078125,38090174312.0,1.0,26340.0,True,26340.0,1970365757.8125,0.8939142978825165,0.836950468372944,False
2026-04-16,74810.875,75506.5703125,73346.265625,75152.1328125,75152.1328125,41312783855.0,1.0,26302.0,True,26302.0,1976651397.234375,0.3185010091708872,0.46287244870706573,False
2026-04-17,75164.0390625,78320.6796875,74558.6015625,77126.875,77126.875,54137194839.0,1.0,26300.0,True,26300.0,2028436812.5,2.586125384234893,2.5937296578403095,False
2026-04-18,77136.046875,77416.703125,75504.9453125,75726.2109375,75726.2109375,26014416776.0,1.0,,False,26300.0,1991599347.65625,-1.8327445076503752,-1.8327445076503752,True
2026-04-19,75723.6953125,76243.09375,73802.3828125,73856.3515625,73856.3515625,30931515195.0,1.0,,False,26300.0,1942422046.09375,-2.5002336494923414,-2.5002336494923414,True
2026-04-20,73854.25,76575.359375,73775.5703125,75872.5234375,75872.5234375,39674447916.0,1.0,26313.0,True,26313.0,1996433709.2109375,2.742677172589451,2.693259727225901,False
2026-04-21,75872.828125,76881.4765625,74852.671875,76352.7734375,76352.7734375,36453522626.0,1.0,26308.0,True,26308.0,2008688763.59375,0.6119709303695128,0.6309747501944813,False
2026-04-22,76354.21875,79468.0,76159.578125,78203.1015625,78203.1015625,48336654537.0,1.0,26325.0,True,26325.0,2058696648.6328125,2.459093495427837,2.394495237334366,False
2026-04-23,78203.875,78676.9375,77014.453125,78268.953125,78268.953125,40354900916.0,1.0,26320.0,True,26320.0,2060038846.25,0.06517522993971285,0.08417038623198857,False
2026-04-24,78263.8203125,78554.09375,77318.4453125,77455.3125,77455.3125,32784213526.0,1.0,26294.0,True,26294.0,2036609986.875,-1.1438185583405027,-1.0449855400701122,False
2026-04-25,77457.2109375,77882.640625,77184.6640625,77612.015625,77612.015625,16702933134.0,1.0,,False,26294.0,2040730338.84375,0.20210985800430967,0.20210985800430967,True
2026-04-26,77613.1171875,78923.5625,77334.890625,78657.5390625,78657.5390625,21482934750.0,1.0,,False,26294.0,2068221332.109375,1.338122502813899,1.338122502813899,True
2026-04-27,78661.015625,79488.171875,76481.34375,77366.625,77366.625,38135631927.0,1.0,26350.0,True,26350.0,2038610568.75,-1.4420495994974942,-1.6547994707933746,False
2026-04-28,77368.1171875,77483.8671875,75673.6015625,76350.671875,76350.671875,32056900880.0,1.0,26350.0,True,26350.0,2011840203.90625,-1.3218654490737212,-1.3218654490737212,False
2026-04-29,76350.6875,77884.96875,74958.5703125,75776.1328125,75776.1328125,41460907886.0,1.0,26330.0,True,26330.0,1995185576.953125,-0.8312760520894181,-0.7553459041740883,False
2026-04-30,75778.6328125,76611.484375,75318.984375,76304.3203125,76304.3203125,29497862305.0,1.0,26355.0,True,26355.0,2011000361.8359375,0.789522367408709,0.6946186875134918,False
2026-05-01,76305.0546875,78894.9765625,76294.6953125,78179.0,78179.0,39164328894.0,1.0,26355.0,True,26355.0,2060407545.0,2.427150989403538,2.427150989403538,False
2026-05-02,78177.75,79119.7890625,78031.9609375,78657.25,78657.25,16761531851.0,1.0,,False,26355.0,2073011823.75,0.6098736514783506,0.6098736514783506,True
2026-05-03,78656.7265625,79402.359375,78073.078125,78538.2265625,78538.2265625,20544392639.0,1.0,,False,26355.0,2069874961.0546875,-0.15143369624661424,-0.15143369624661424,True
2026-05-04,78540.2890625,80742.359375,78217.9609375,79827.90625,79827.90625,54325085296.0,1.0,26355.0,True,26355.0,2103864469.21875,1.628767686490818,1.628767686490818,False
2026-05-05,79823.53125,81751.453125,79787.578125,80927.0546875,80927.0546875,39700107376.0,1.0,26312.0,True,26312.0,2129352662.9375,1.204214238610813,1.3675043806522564,False
2026-05-06,80930.734375,82792.2109375,80751.0234375,81427.53125,81427.53125,41751540000.0,1.0,26280.0,True,26280.0,2139915521.25,0.4948332786927788,0.6165248057273942,False
2026-05-07,81428.8515625,81684.953125,79522.65625,80009.9921875,80009.9921875,36931193154.0,1.0,26320.0,True,26320.0,2105862994.375,-1.6040995510195653,-1.7561908350902415,False
2026-05-08,80009.625,80447.265625,79205.515625,80186.765625,80186.765625,33789351540.0,1.0,26260.0,True,26260.0,2105704465.3125,-0.007528268944626763,0.22069548930199265,False
2026-05-09,80187.7421875,81030.0625,80119.9296875,80664.3671875,80664.3671875,18102086996.0,1.0,,False,26260.0,2118246282.34375,0.5938447031188693,0.5938447031188693,True
2026-05-10,80665.609375,82430.171875,80274.1328125,82138.9296875,82138.9296875,26965971077.0,1.0,,False,26260.0,2156968293.59375,1.8115146956791082,1.8115146956791082,True
2026-05-11,82139.046875,82326.234375,80451.421875,81728.296875,81728.296875,32409774919.0,1.0,26306.0,True,26306.0,2149944577.59375,-0.3261604047551716,-0.5011785219488408,False
2026-05-12,81725.3515625,81753.03125,79832.1015625,80477.4921875,80477.4921875,32186688600.0,1.0,26320.0,True,26320.0,2118167594.375,-1.4890691295137883,-1.5422747705667463,False
2026-05-13,80476.7890625,81276.671875,78725.5078125,79277.1171875,79277.1171875,34075428359.0,1.0,26299.0,True,26299.0,2084908904.9140625,-1.5826209041206858,-1.5028018231235505,False
2026-05-14,79276.9453125,82005.9609375,78909.6796875,81051.25,81051.25,43731663431.0,1.0,26317.0,True,26317.0,2133025746.25,2.2816346249460406,2.2132143698821825,False
2026-05-15,81046.8671875,81634.84375,78635.3671875,79065.6796875,79065.6796875,38183347368.0,1.0,26340.0,True,26340.0,2082590002.96875,-2.39291970196161,-2.480277513696735,False
2026-05-16,79066.0,79173.5,77630.734375,78131.4375,78131.4375,25895799905.0,1.0,,False,26340.0,2057982063.75,-1.1886390842574117,-1.1886390842574117,True
2026-05-17,78133.5859375,78539.3984375,76783.4140625,77429.3515625,77429.3515625,20900166465.0,1.0,,False,26340.0,2039489120.15625,-0.9026576797854137,-0.9026576797854137,True
2026-05-18,77426.34375,77749.3203125,76029.2265625,76954.171875,76954.171875,41520471808.0,1.0,26350.0,True,26350.0,2027742428.90625,-0.5776274976884858,-0.6155853649121141,False
2026-05-19,76954.75,77346.8671875,76082.3671875,76750.90625,76750.90625,26031898332.0,1.0,26327.0,True,26327.0,2020621108.84375,-0.3518126443570969,-0.2644879999712329,False
2026-05-20,76749.453125,77775.5703125,76463.6484375,77457.7734375,77457.7734375,26668360936.0,1.0,26329.0,True,26329.0,2039385716.8359375,0.9243699536006256,0.9167734783614813,False
2026-05-21,77462.5078125,78100.5625,76655.4375,77539.171875,77539.171875,27141485404.0,1.0,26355.0,True,26355.0,2043544874.765625,0.20373402265910606,0.10503232153248991,False
2026-05-22,77538.1171875,77819.453125,75323.875,75488.2421875,75488.2421875,27859040109.0,1.0,26350.0,True,26350.0,1989115181.640625,-2.6996076022421054,-2.6806340702622147,False
2026-05-23,75488.3125,77288.1171875,74255.234375,76673.3671875,76673.3671875,29973220002.0,1.0,,False,26350.0,2020343225.390625,1.5577503022418469,1.5577503022418469,True
2026-05-24,76670.65625,77372.5390625,76019.890625,76981.125,76981.125,20572738918.0,1.0,,False,26350.0,2028452643.75,0.40058474003960476,0.40058474003960476,True
2026-05-25,76981.125,77804.921875,76833.0390625,77279.9296875,77279.9296875,19808387601.0,1.0,26340.0,True,26340.0,2035553347.96875,0.34944394564570697,0.3874018128693613,False
2026-05-26,77280.125,77990.8671875,75569.46875,75825.734375,75825.734375,35999475458.0,1.0,26322.0,True,26322.0,1995884980.21875,-1.9680146308034865,-1.8996541405031864,False
2026-05-27,75825.3046875,76014.296875,74136.5,74344.703125,74344.703125,33802172927.0,1.0,26294.0,True,26294.0,1954819623.96875,-2.0789625861828176,-1.9725310724108713,False
2026-05-28,74339.5703125,74460.125,72493.4140625,73536.5546875,73536.5546875,40148145327.0,1.0,26273.0,True,26273.0,1932025901.3046875,-1.172878305327923,-1.0929802661887331,False
2026-05-29,73537.03125,74218.5625,72435.625,73372.5234375,73372.5234375,34457929250.0,1.0,26326.0,True,26326.0,1931605052.015625,-0.02178517026142696,-0.22330998228095003,False
2026-05-30,73370.8515625,74020.7578125,73125.234375,73754.8359375,73754.8359375,19563589191.0,1.0,,False,26326.0,1941669810.890625,0.5197039654902874,0.5197039654902874,True
2026-05-31,73753.75,74153.5,73315.015625,73579.6875,73579.6875,17445435650.0,1.0,,False,26326.0,1937058853.125,-0.2377562514476544,-0.2377562514476544,True
2026-06-01,73580.2109375,73969.5703125,70599.5078125,71319.7734375,71319.7734375,43378836121.0,1.0,26255.0,True,26255.0,1872500651.6015625,-3.3895983216687986,-3.1195386303294677,False
2026-06-02,71321.03125,71334.953125,66127.265625,66703.65625,66703.65625,54990073882.0,1.0,26265.0,True,26265.0,1751971531.40625,-6.653304120915587,-6.691384852525814,False
2026-06-03,66694.0078125,67402.9296875,64009.67578125,64014.3671875,64014.3671875,47411556213.0,1.0,26275.0,True,26275.0,1681977497.8515625,-4.077155993310163,-4.1152222290191665,False
2026-06-04,64020.0703125,64664.4453125,61335.75,63801.57421875,63801.57421875,63800151780.0,1.0,26290.0,True,26290.0,1677343386.2109375,-0.27589591706620853,-0.3329681149437111,False
2026-06-05,63807.69140625,63901.515625,59108.91796875,60922.66796875,60922.66796875,71465606706.0,1.0,26275.0,True,26275.0,1600743100.8789062,-4.674326460398747,-4.617254262521237,False
2026-06-06,60924.4765625,61491.703125,59496.625,60867.4140625,60867.4140625,30898464957.0,1.0,,False,26275.0,1599291304.4921875,-0.09073630482773938,-0.09073630482773938,True
2026-06-07,60866.94140625,64128.04296875,60724.06640625,63239.51953125,63239.51953125,36006496194.0,1.0,,False,26275.0,1661618375.6835938,3.82314561194156,3.82314561194156,True
2026-06-08,63244.0859375,64185.765625,62384.66796875,63090.58984375,63090.58984375,34133252457.0,1.0,26270.0,True,26270.0,1657389795.1953125,-0.2548100250750799,-0.2357787185184395,False
2026-06-09,63092.890625,63486.08984375,60756.6875,61643.78125,61643.78125,40144449754.0,1.0,26285.0,True,26285.0,1620306790.15625,-2.262844434300935,-2.3199274916972237,False
2026-06-10,61643.20703125,62788.27734375,60788.0234375,61449.2890625,61449.2890625,27493506779.0,1.0,26270.0,True,26270.0,1614272823.671875,-0.3730916659369002,-0.316008608540611,False
2026-06-11,61448.87890625,63851.94921875,61447.96875,63561.0546875,63561.0546875,29316677897.0,1.0,26265.0,True,26265.0,1669431101.3671875,3.359831923254105,3.378866852406486,False
2026-06-12,63547.44140625,64334.015625,62778.79296875,63543.19921875,63543.19921875,26881868307.0,1.0,26325.0,True,26325.0,1672774719.4335938,0.20008457654395248,-0.028095784867475063,False
2026-06-13,63541.515625,64700.87890625,63431.3203125,64421.32421875,64421.32421875,16956245530.0,1.0,,False,26325.0,1695891360.0585938,1.372472245570358,1.372472245570358,True
2026-06-14,64420.16796875,65749.78125,63634.0234375,65710.3984375,65710.3984375,21572226975.0,1.0,,False,26325.0,1729826238.8671875,1.9812484755317328,1.9812484755317328,True
2026-06-15,65711.109375,67248.1328125,65315.8359375,66289.5,66289.5,32927321950.0,1.0,26250.0,True,26250.0,1740099375.0,0.5921260160477504,0.8774329142883799,False
2026-06-16,66289.4609375,66928.609375,65315.0703125,65600.640625,65600.640625,25063963967.0,1.0,26230.0,True,26230.0,1720704803.59375,-1.1208247240565798,-1.0446052081715382,False
2026-06-17,65600.4296875,66354.625,63870.9296875,64418.4453125,64418.4453125,31288885189.0,1.0,26240.0,True,26240.0,1690340005.0,-1.7804281333758407,-1.818545153086442,False
2026-06-18,64419.64453125,64736.921875,62201.14453125,62896.47265625,62896.47265625,30432454936.0,1.0,26265.0,True,26265.0,1651975854.3164062,-2.295763612950675,-2.390992645954335,False
2026-06-19,62897.515625,63568.22265625,62275.58203125,63540.8359375,63540.8359375,22361931660.0,1.0,26270.0,True,26270.0,1669217760.078125,1.038305059218348,1.01927013006599,False
2026-06-20,63535.80859375,64307.13671875,63149.66015625,64239.67578125,64239.67578125,17486384117.0,1.0,,False,26270.0,1687576282.7734375,1.093823779640829,1.093823779640829,True
2026-06-21,64242.32421875,64506.578125,63221.0,63237.5390625,63237.5390625,15739619591.0,1.0,,False,26270.0,1661250151.171875,-1.5722925305146709,-1.5722925305146709,True
2026-06-22,63240.7890625,65544.0,63233.53125,63952.10546875,63952.10546875,26561496819.0,1.0,26265.0,True,26265.0,1679702050.1367188,1.104600453331878,1.1236353824842347,False
2026-06-23,63952.79296875,64196.5625,61893.20703125,62668.01953125,62668.01953125,29608942370.0,1.0,26315.0,True,26315.0,1649108933.9648438,-1.83813245604548,-2.028318896027214,False
2026-06-24,62663.03125,63097.7578125,59029.85546875,60995.1328125,60995.1328125,42644106535.0,1.0,26265.0,True,26265.0,1602037163.3203125,-2.895905556235462,-2.7057191162537193,False
2026-06-25,60992.0703125,61868.90625,58075.921875,59721.67578125,59721.67578125,40625024718.0,1.0,26330.0,True,26330.0,1572471723.3203125,-1.8627319014176211,-2.109903811646941,False
2026-06-26,59712.0546875,60647.1875,58269.125,60016.4296875,60016.4296875,41502864671.0,1.0,26315.0,True,26315.0,1579332347.2265625,0.4353465246109153,0.4923319948585001,False
2026-06-27,60016.3125,60835.046875,59794.62109375,59940.09765625,59940.09765625,15099836554.0,1.0,,False,26315.0,1577323669.8242188,-0.12726617424323222,-0.12726617424323222,True
2026-06-28,59940.3515625,60432.70703125,58879.6328125,59532.33984375,59532.33984375,16282230874.0,1.0,,False,26315.0,1566593522.9882812,-0.6825999440473745,-0.6825999440473745,True
2026-06-29,59522.7890625,60682.33984375,58856.1875,60138.37890625,60138.37890625,30829983083.0,1.0,26245.0,True,26245.0,1578331754.3945312,0.7464906082097325,1.0128530183576383,False
2026-06-30,60136.453125,60173.21875,58111.671875,58558.859375,58558.859375,32747419391.0,1.0,26230.0,True,26230.0,1535998881.40625,-2.718753111174279,-2.6615830286262105,False
2026-07-01,58562.4453125,61223.76953125,57747.765625,60003.7578125,60003.7578125,37904450118.0,1.0,26255.0,True,26255.0,1575398661.3671875,2.5327452102853973,2.4374798891813785,False
2026-07-02,60004.76953125,62117.875,59532.32421875,61485.30078125,61485.30078125,40109297349.0,1.0,26299.0,True,26299.0,1617001925.2460938,2.606541264571313,2.4390944088390594,False
2026-07-03,61492.06640625,62879.0078125,61176.72265625,62544.19921875,62544.19921875,26131813598.0,1.0,26285.0,True,26285.0,1643974276.4648438,1.654287836973603,1.7075359745469871,False
2026-07-04,62545.12890625,63398.41015625,62287.5859375,63088.3046875,63088.3046875,18608397613.0,1.0,,False,26285.0,1658276088.7109375,0.866191238397133,0.866191238397133,True
2026-07-05,63089.05859375,63935.84765625,62413.9921875,63547.8828125,63547.8828125,18267466154.0,1.0,,False,26285.0,1670356099.7265625,0.7258275090508953,0.7258275090508953,True
2026-07-06,63551.015625,64597.5703125,61275.828125,63995.015625,63995.015625,36552222303.0,1.0,26294.0,True,26294.0,1682684940.84375,0.7353859692841388,0.7011517689840301,False
2026-07-07,63994.59765625,64257.6328125,62623.93359375,63297.39453125,63297.39453125,31026493556.0,1.0,26299.0,True,26299.0,1664658178.7773438,-1.0770892435444486,-1.096103180817717,False
2026-07-08,63293.51953125,63706.88671875,61492.6484375,62257.57421875,62257.57421875,27349235354.0,1.0,26289.0,True,26289.0,1636689368.6367188,-1.6944280424670433,-1.6563965519348627,False
2026-07-09,62257.31640625,63422.94140625,61645.75390625,63193.1484375,63193.1484375,26546256117.0,1.0,26294.0,True,26294.0,1661600645.015625,1.5105857869575416,1.4915682336986302,False
2026-07-10,63194.359375,64658.96875,62902.0625,64127.140625,64127.140625,27450201269.0,1.0,26290.0,True,26290.0,1685902527.03125,1.4519662990533257,1.467180052315595,False
2026-07-11,64127.96875,64445.4609375,63785.62109375,63802.02734375,63802.02734375,13954689047.0,1.0,,False,26290.0,1677355298.8671875,-0.5082718606355573,-0.5082718606355573,True
2026-07-12,63791.40234375,64243.1328125,63606.82421875,63758.21875,63758.21875,19043437787.0,1.0,,False,26290.0,1676203570.9375,-0.06868690961942699,-0.06868690961942699,True
2026-07-13,63757.171875,64340.8828125,61769.0,62239.12109375,62239.12109375,37650044790.0,1.0,26261.0,True,26261.0,1634461559.0429688,-2.521802863248019,-2.4114338771437893,False
2026-07-14,62238.5859375,65046.1328125,62207.5234375,64956.11328125,64956.11328125,29841287318.0,1.0,26250.0,True,26250.0,1705097973.6328125,4.230914320114619,4.272810304426096,False
2026-07-15,64959.80859375,65507.59375,64442.8203125,64712.375,64712.375,27029791676.0,1.0,26259.0,True,26259.0,1699282255.125,-0.34166125840124856,-0.3759410964790335,False
2026-07-16,64713.296875,64931.85546875,63701.8046875,63789.28125,63789.28125,27232426674.0,1.0,26254.0,True,26254.0,1674723789.9375,-1.455770889237118,-1.4367279855176223,False
2026-07-17,63789.91015625,64332.01953125,62489.453125,63899.4609375,63899.4609375,27280236800.0,1.0,26251.0,True,26251.0,1677424749.0703125,0.1611479733600759,0.1725754564693599,False
2026-07-18,63899.1796875,64816.50390625,63845.015625,64796.6015625,64796.6015625,14162542470.0,1.0,,False,26251.0,1700975587.6171875,1.394223164475083,1.394223164475083,True
2026-07-19,64799.27734375,64909.88671875,64250.9140625,64690.8046875,64690.8046875,15000653941.0,1.0,,False,26251.0,1698198313.8515625,-0.16340878484766735,-0.16340878484766735,True
2026-07-20,64684.41796875,65735.71875,63720.390625,65230.02734375,65230.02734375,30988932408.0,1.0,26292.0,True,26292.0,1715027878.921875,0.9861462737597767,0.8300835886390828,False
2026-07-21,65228.87109375,66910.0625,65113.65625,66505.125,66505.125,29554470321.0,1.0,26290.0,True,26290.0,1748419736.25,1.9283035704174496,1.9359107363714312,False
2026-07-22,66506.7890625,66694.6484375,65514.17578125,66100.796875,66100.796875,28142272410.0,1.0,26300.0,True,26300.0,1738450957.8125,-0.5717909536940231,-0.6098209978869258,False
2026-07-23,66100.1328125,66282.3828125,64610.609375,65044.8125,65044.8125,24364433538.0,1.0,26305.0,True,26305.0,1711003792.8125,-1.5914250953857436,-1.6104346952909083,False
2026-07-24,65044.95703125,65760.484375,63686.03515625,64098.49609375,64098.49609375,25917559237.0,1.0,26314.0,True,26314.0,1686687826.2109375,-1.4313471893351717,-1.4655553654227635,False
2026-07-25,64098.4921875,64386.0625,63753.02734375,64311.8125,64311.8125,13817493398.0,1.0,,False,26314.0,1692301034.125,0.33224217714330473,0.33224217714330473,True
2026-07-26,64311.78515625,65503.76953125,64233.453125,65340.30078125,65340.30078125,14301494281.0,1.0,,False,26314.0,1719364674.7578125,1.5865685940396488,1.5865685940396488,True
2026-07-27,65340.58984375,65658.3359375,63562.484375,63724.8984375,63724.8984375,26183821002.0,1.0,26300.0,True,26300.0,1675964828.90625,-2.5565830748522864,-2.5033652988595314,False
2026-07-28,63723.48828125,64026.921875,62714.8046875,63871.36328125,63871.36328125,24128738898.0,1.0,26313.0,True,26313.0,1680647182.0195312,0.27899299264929134,0.22957554728576246,False
2026-07-29,63871.39453125,64638.6953125,63206.2109375,63908.16796875,63908.16796875,28611167472.0,1.0,26330.0,True,26330.0,1682702062.6171875,0.12219253511134442,0.05760654802496461,False
2026-07-30,63908.625,65071.4453125,63533.90625,64725.30859375,64725.30859375,26250039650.0,1.0,26321.0,True,26321.0,1703634847.4960938,1.236324209007699,1.270511594195683,False
2026-07-31,64723.96875,65328.18359375,62410.8671875,62813.74609375,62813.74609375,30439749629.0,1.0,26279.0,True,26279.0,1650682433.5976562,-3.1575315542932727,-2.997835702863742,False
2026-08-01,62813.6640625,63091.59765625,62233.01171875,62763.3203125,62763.3203125,13553286543.0,1.0,,False,26279.0,1649357294.4921875,-0.08031049841085494,-0.08031049841085494,True
